GOXFIL,1
CUVHIN,1
DIJCEH,1
GACCOH,1
PUZDEX,1
DOHBIN,1
EDOZAZ,1
IQAWUT,1
YALQOU,1
NELFEQ,1
LUHHOP,1
VOQBIQ,1
SETGUX01,1
VUPBEO,1
UDOZIZ,1
FENZED,1
WULMUN,1
ICUFAN,1
OSECOH,1
HOHVEI,1
MUJDAA,1
LASRAY,1
BESZEF,1
YUJBIR,1
GULTUC,1
NAHSID,1
FUWCIL,1
GAVVUU,1
VUNQAY,1
XUKGUI,1
DICSOY,1
XIYLEA,1
ROPPUL,1
ZUDJEQ,1
POCBAL,1
ICOFEL,1
OSOTUM,1
BOSZOZ,1
SUPMEV01,1
XOVTOV,1
HUDVOU,1
ACOKEK,1
HOCDAB,1
MORKUC,1
MAGZIF,1
LIXBIF,1
COBTIW,1
CIGROD01,1
PEPLUV,1
SIVFIQ,1
ALECIH,1
BADMUS,1
IYUQAX,1
LIDPOH02,1
BILXUT,1
CIYXOY,1
EMOHOG,1
MIWCIG,1
XABLEU,1
VOYSUB,1
CYDSAR,1
YAKXIV,1
WOHBAW,1
VOMHAJ,1
BESJIV,1
TIJQEJ,1
EPUTAM,1
EFAFOK,1
PEPJUT,1
ENEJUD,1
HIQVIM,1
ELULOP,1
IPIPED,1
PUNWED,1
MAVZIS,1
MEMDOB,1
BODCEF,1
ITUFAG,1
COSKAA,1
RENYUG,1
BIJLIT48,1
SEYQOG,1
YIQZAD,1
VOYSOR10,1
XOQVAE,1
BURMUA,1
FALGUY,1
FOZVEZ,1
ZOKPAT,1
AJEYUN,1
NEWWOD,1
PASQIN,1
HOTGAZ,1
UGIZIW,1
ZIMKAK,1
FIQRAC04,1
NUZTAE,1
DCHXCR01,1
MAPWOT,1
FAYZAH,1
IVIFOJ,1
NEPMUQ,1
BATWEA,1
JETHUM,1
RUKGAG,1
LACTAL,1
DAKMUY,1
GAKCII,1
TEGBIU,1
MEMDUH,1
LERTIP,1
BAYXII,1
UKAGOC,1
AGEJED,1
TASQOW01,1
COSROV,1
RESDAX,1
RESCIE,1
KEQDUH,1
LEYJIJ,1
LUMJUY,1
BOYMUZ,1
TUVRUZ,1
IFIMUG,1
ICAPEJ,1
VOYSEL,1
OXAPYR,1
XEFZOB,1
JAYFIC,1
CEWCIQ10,1
OKUFOP,1
FANHOS,1
IMOTEM,1
PUKYUQ,1
ISUNIV,1
HIFDOP,1
ROJMEK,1
ADUHIU,1
XITMUJ,1
OMIJUR,1
ALUPUU,1
WASPEO,1
ZINBUX,1
BEPQOD,1
COSRIP,1
ILOWAJ,1
QAKNIZ,1
JOXJIR,1
KISJOO,1
LOLGEB,1
ITUHIP,1
BOGVUQ,1
FEZZIU,1
TETRIN11,1
CAHHUQ,1
PAVLAD,1
EFACAS05,1
REYXOK,1
BOVLUX,1
QAVQUA,1
XIQBAA,1
UWUFEY01,1
QARKOJ,1
MAYDAU,1
CACSUZ,1
XOYZAO,1
QOCZIS,1
SEFYAF,1
BUYLOZ,1
BUCYUV,1
IKEXAA,1
UMOGOV,1
NETKOM,1
COYDEA,1
CEDYUF,1
LEKYEF,1
HUKREM,1
JALFIM,1
LETNEE01,1
VETQUK,1
DAMPAM,1
UQAKOO,1
YECPON,1
KILVOT,1
JEYJUT,1
VOFJIK,1
MEDTAT,1
GUJROW,1
GOGFAJ,1
HUTREV,1
KONZIZ01,1
XIVLOD01,1
REWDAC,1
XEZYOQ,1
LICTEA,1
VENYUJ,1
FACWIT,1
HEHQAM,1
NEJCUD,1
BIJLUF22,1
JIZKEM,1
DEPVON,1
HAFGIF,1
QUVRAC,1
IWINUA,1
KEZYUJ,1
HOZWOM,1
LONHUS,1
QEKMAU,1
ZUKROP,1
FIXBUN,1
HIQZAM,1
IYONAM,1
SENBAS,1
XEVGOX,1
WAFYEL,1
QOJSAN,1
RAZWIB,1
CILREX,1
EFOPOI,1
VOMBOQ,1
QAMNIB,1
VOYRUA,1
GEKGEJ,1
JENGUI,1
COKTUS,1
HESQUS,1
OCAMOU,1
IMOPIJ,1
VUKBAH,1
FOZWOK,1
UGACOX,1
ROPLUD,1
XEVQAT,1
BEBYAL,1
PAZDUR,1
SUSWIQ,1
PUGTAP,1
GAQWUU,1
FEMNIX02,1
FAZFES,1
PUBQUA,1
SEFCUE,1
QUSYEK01,1
UTUFOH,1
BIJLUF50,1
DAYYAH,1
XAWLIT,1
CILDAG,1
SEYXOK,1
LOTFIL,1
LIFHAM,1
BIJLUF27,1
MUVGOB,1
BICBOH,1
IFABEA,1
XIWVEI24,1
JOSROB,1
CORMUS,1
IGECII,1
QUMNIX,1
MIPDUK,1
OGITAC,1
JAPZEG,1
NAFRAP,1
GUJSAJ,1
SOTBEM,1
BEGHOM,1
OGAKEM,1
OSEHIG,1
ROZMAV,1
PEXCEB,1
KODMIC,1
NIHSII,1
IQEZEJ,1
OLODEZ,1
INANAO07,1
QETVIX,1
ZAFPEF,1
FUSBIH,1
HERKAU,1
CIXCOB,1
DACDIU,1
DAJGAZ,1
URUVIP,1
MANQAX01,1
NIWJUA01,1
TULZEJ,1
EWIDUJ,1
LOLPAG,1
IQOCEY,1
JUGSAJ,1
VOPZOQ,1
PIPSOY,1
BAKHIE,1
KIGPAU,1
EQAYED,1
YAVWUP,1
NUXKAS,1
CUVLOX,1
MEBLAJ,1
DATYOO,1
TIFDOF,1
GUKGAY,1
JICSUJ,1
ICUBOZ,1
EJITIE,1
TIJDUN,1
CABQAB,1
TIKHOL,1
SOVYOU,1
GOHFEO,1
ILULAE,1
LOYPAT,1
BIJLIT58,1
TIHFIC,1
XIVLOD,1
DIMHEQ,1
VIKVUH,1
VAFSAW,1
CEXQUR,1
BOBPIR,1
ABUTEY,1
KIVCEZ,1
KIHTII,1
HIRKIE,1
HAZLUR,1
ODULIJ,1
ZEZRAB,1
ZAGXIS,1
LUPJEM,1
HERCOZ,1
BITDIR,1
NOYMUJ,1
PAHXON,1
REKNAX,1
MIGSOK,1
KETCOC,1
GEFREO,1
IGIWIF,1
TAMSAD,1
COBTUI,1
LESQIN,1
XECMUR,1
HIWHII,1
BUYLEP,1
ILUFIG01,1
TUQVIK,1
MANBZA,1
AZEWUZ,1
BARYAX,1
HIXTUG,1
XAPCOK,1
LAXCET,1
ENAMEN,1
SENTUB,1
VOPZEG,1
RUSJIB,1
SABXIG,1
YIZPEE,1
MERKUT,1
EHOQUR,1
HOVJEJ,1
MEMDIV,1
CAHWEN,1
PUKHUA,1
MAVXIU,1
ECICEY,1
WONFIP,1
KOWFUZ,1
DUHFEV,1
BOFTAT,1
CADHOG,1
ZAPHUT,1
VUCRAQ,1
AVIMEX,1
NAQKOG,1
DEZSUX,1
CAYGIW,1
KIRYOA,1
AJUXIM,1
JEVNAC,1
TIHFEY,1
PEYYUQ,1
HOHVIM,1
OCADAX,1
KIGNUM,1
RETKEG,1
SEYXEA,1
TEMXUH,1
ALADEX,1
FAHREP,1
CIYRAE,1
FUTZUP,1
HEYZAN,1
KETVAJ,1
TARQOV,1
JURJUB,1
UZUKUW,1
BIJLIT15,1
ZEJHOL,1
MUXVUX,1
FIBGAY,1
ULOZUR,1
BUYPER,1
SEMYAN02,1
XEPQIV,1
HUDDIX,1
ABAXAG,1
BOVMUY,1
EFESIV,1
PYRCRW,1
OQIVAO,1
YUYJOT,1
KIVCID,1
HUVZAC,1
PEYNAM,1
ALUGUL,1
UMOGIP,1
LOZNUJ,1
SOFPAG,1
LOHCAN,1
DAMNUE,1
PENWOU,1
BIVBOA,1
UXUHAZ,1
RIYVEB,1
RASJIH,1
SENZIV01,1
LAFKUC,1
LUMWIB,1
PUZCET,1
BOXVES,1
VUMFOC,1
PINHIF,1
KUYBUC,1
GUJNUW,1
DBTACD02,1
FULPAE,1
MIHMEX,1
ACOJUZ,1
JOYVIF,1
QEJWOV,1
IYUPUQ,1
KAWFIA,1
LAHHAD,1
DOSFOG,1
BEBPIH10,1
OGUQEN,1
KONHIH,1
ZATJEL,1
KILVUZ,1
ZUVZIB,1
VIZVUW,1
IWUMIX,1
BIJLUF46,1
BAWJUF,1
CENHEI,1
CEBSAF,1
HUNHAD,1
HARQOI,1
RESHEF,1
SADGIQ,1
VIYZAH,1
CULJUO,1
QEHLOH,1
SUJPAR,1
LUDJEA,1
VOHHEG,1
NUCJED,1
JEPFIW01,1
UGEHAS,1
PESGUR,1
GORMAD,1
WESLUC,1
RANZIT,1
VIXGUF,1
EZOPAN,1
XEZYAC,1
XAPZEV,1
SOVYUA,1
ARAPUH,1
TEQKIJ,1
IGATAP,1
ISUPIX,1
CUMJEA,1
NIKGEW,1
HUFXOY,1
ZIGWEV,1
HPAMIB10,1
DOFKOA,1
FAPMIT,1
OCACAY,1
FADVIQ,1
VINVEW,1
EHOTIG,1
NIMLOK,1
VUWNIM,1
LOYFUD,1
LIFNAS,1
HOSMIM,1
KIFMEV,1
LAXRAH,1
QOCGAT,1
XELWIW,1
GABWUC,1
QANTIM,1
PIYLIW01,1
EQUHEF,1
DOFQUM,1
MIWPOZ,1
HOSLOR,1
DUPDOK,1
WAKGAQ,1
IPUZUP,1
VAMKIF,1
EMISID,1
LORROZ,1
SOCLUR,1
PAXTIR,1
QUKRAR,1
BUKVOU,1
IYOBEE,1
UZOZAN,1
PEBYIE,1
KIVHUU,1
ESAQEX,1
ZIPCAC,1
LAPKOE,1
KIQBIY,1
UWIMOE,1
FODQUM,1
YARYID,1
PIGQOL,1
SEGFER,1
UGOGAB,1
ZAZQOJ,1
XODSUE,1
GUVKAL,1
MACMUZ01,1
UDOZOF,1
MANQIF01,1
RAFTIB,1
SEVBAX,1
BOHGAI,1
VOKTAQ,1
LAWJUP,1
OHOBOF,1
TEBREB,1
PINKAA,1
ROBVAH,1
DEFQOW,1
SUJDAD,1
QERPUC,1
DOQNEE,1
XIVLOD02,1
HIQZEQ,1
OTOGAG,1
JEFRUI,1
YAPLAG,1
VIKVOB,1
VUPHOE,1
YODXOI,1
FAQVUS,1
BIJLIT23,1
QUZSIO,1
DIRMAS,1
ZUDJIU,1
NUNROG,1
IGEGOT,1
JAGMAF,1
XUSNAE01,1
XIZGES,1
JUKKUZ,1
UCOBEX,1
FOBROG,1
QOHSUC,1
TIFKEY,1
HOSPAK,1
UFUQOC,1
TUDJAG,1
ILUKUX,1
NEWHOQ,1
LASZEN,1
ARECEI,1
CUVLIR,1
TIHVAL,1
EXALIY,1
QAGHOX,1
WASJIL,1
TUSSUY,1
NULLOZ,1
YITZEG,1
EZOPIV,1
ILUQEN,1
CUJQIL,1
MIYFOR,1
LIMHEW,1
DEFFON,1
JUBWUB,1
SOTBIQ,1
RAFNAR,1
UJEVEN,1
AKACOG,1
HICHUW,1
HUVYUV,1
BENBOP,1
JUBVIP,1
VEYQOF,1
UXUGOM,1
GUDLUN,1
IXAVUB,1
VUYSIT,1
SEHTAA,1
ILUHEE,1
VAKJEZ,1
XAGHAO,1
BANWUK,1
RAYNIQ,1
FEMLIT,1
FOKQEF,1
GUBHIV,1
WAGLUM,1
SOKHEI,1
LEBZAW,1
XAVSOF,1
MAQTAB,1
GUQJEI,1
ZUGMOH,1
FAQJEQ,1
QAJGOB,1
YIWHOB01,1
QESVAM01,1
TIKVOZ,1
GEMVIH,1
UBAKUH,1
IGEJOU,1
EABPOM,1
OGOHIE,1
PAHWIG,1
ERAXIE,1
NUXDAO,1
PAKRAX,1
OZIWOK,1
XOZDAT,1
CDNOAN,1
QOMFUW,1
DOLCAK,1
IDIJAK,1
ESAKIV,1
BECXUE,1
PUJTIZ02,1
LENWUZ,1
HIKZUW,1
NUJSET,1
BACVEH,1
NUTBUB,1
FEYVUE,1
BEBPIH,1
GAQXEF,1
SIQYEW,1
CARQAP,1
FUNYOE,1
XEXFOY,1
ZAJCIZ,1
GOJJOG,1
TEQQEN,1
WOWCEQ,1
XUWDAW,1
LETQEH,1
OYELEL,1
NIPGID,1
MUTPOI,1
DITSOO,1
FENCUY,1
DIHQUH,1
KAHMAH,1
MOFGUL,1
NUFBIA,1
NADRAM,1
SAVDID,1
BUNLOP,1
KEQSUX,1
VILXOH,1
ALPRAL10,1
FUBRAV,1
HEMSUR,1
WAHLOH,1
YEVCAD,1
WADTIH,1
GUKFUR,1
UHAQUS,1
ITOBAW,1
EKIMUI,1
IQEKUN,1
LEVLUV,1
ZEYXUY,1
ITUHAH,1
ABUDIK,1
AHELEG,1
ARIYEI,1
BAGVIO,1
FOZWAW,1
YUHMIB,1
SEKQOR,1
BOFYAX,1
LEVLOP,1
COLQOK,1
VOMHOX,1
RIRZUN,1
OFOSEH,1
FEWDEU,1
QULXII,1
PUNWIH,1
BIZPIL,1
EXUKEN,1
CAXJEU,1
NOHKAW,1
QIBDAH,1
WUJTON,1
BUYWAV,1
GIJNUI,1
OMIDEX,1
CUMJIE,1
QIBDEL,1
BADBES01,1
HUTROF,1
GENTOM,1
HAJNUC,1
ZUPVIR,1
VEHGEX,1
RAZYUQ,1
HUDQOP,1
BIXPON11,1
EYIMIL,1
KIHSUT,1
TECRIC,1
WABYII,1
EBONUF,1
BIJLUF40,1
JAPZAC,1
FIXDAV,1
HOLKAV,1
YOPGOC,1
NADHUA,1
DORZUI,1
WENFOL,1
DIRMAS01,1
OYAGUS02,1
EPITED01,1
GEDYUM,1
NILQUV,1
RIKHIF,1
XOBWOC,1
MUCGIE,1
REVNUC,1
WAXWEZ,1
RIMGOL01,1
LERRUZ,1
IFIQIB,1
ZOFRAQ,1
TONZAA,1
TIVYAY01,1
RASWAM,1
FIXCAU,1
NUGWUH,1
GUTPIU01,1
DUYVID,1
BUDGIT,1
YIZSAD,1
COSRUB,1
PEBZAX,1
SOKTET,1
XEFNIF,1
INUGAA,1
BIJLUF48,1
QADYAW,1
AMAQIO,1
ZIBWOW,1
DEQSEA,1
ZIQMIY,1
MISWIV,1
IPIBAN,1
GUDBAM,1
BIJLUF02,1
WAPTUG,1
LOCHAQ,1
MUBREH,1
CAKDEA,1
NADWID,1
NORWOI,1
PASYUG,1
MOCMIB01,1
XEYDIQ,1
MUHCOI,1
HUXJIU,1
ORANUT,1
IRUJAH,1
MUXXEM,1
FIXDEZ,1
ZAYHEO,1
RODDEU,1
XIXSAB,1
SEPTEO,1
CICVUF,1
LOZBOT,1
LIXBEB,1
IGEKEO,1
DAZJIB,1
YIYWUA,1
TIJQIN,1
FALDUS,1
XATNUB,1
NUTNEW,1
DUFVEI,1
CEHGEB,1
KUDTUY,1
FICRIT,1
QEBKAL,1
BUHDOZ,1
RUPTAB,1
DOFLOD,1
NUYFAQ,1
ZEYXOT,1
QILGAX,1
OBOFIU,1
FIQMOH,1
XUFTAU,1
TIXFEM,1
XIWVEI27,1
OWAMEG,1
INANAO02,1
BOFGIO,1
PIWTEV,1
MAMJAO,1
CERFEN,1
FIGREV,1
LUFGAV,1
UJUSAW,1
HUNSAK,1
NAPTPR01,1
ILUGAZ,1
YESROE,1
DETFUE,1
XIDBOC,1
INANAO03,1
BODCAA,1
ODIVUV,1
BEWNAV,1
XOCQIR,1
JICXUO,1
IBIJAI,1
CAKCUP,1
LINCOA,1
PEZCEC,1
HURJIR,1
KOVPES,1
QENCER,1
DIQGET,1
BIXHUM,1
IJAHUA,1
IVEVUD,1
XEFVEL,1
QOCYOX,1
DAYYAH01,1
EWIPEH,1
TAGVIK,1
FAHXAO,1
CUCWOQ,1
TIHDUM,1
DORZAO,1
EYIMEH,1
IZOCOR01,1
KEKXOR,1
MODMEX,1
PIMYUJ,1
UFUYEZ,1
FIXLEF,1
VUWKOP,1
NUGTAL,1
VIKWAO,1
DIHQOB,1
LOCHUK,1
NAQRIK,1
SOXTUV,1
QEZGIO01,1
BIJLUF54,1
GAMBIF,1
YABCEM,1
SENVAJ,1
ELOXOV,1
JANXAB,1
NEMNIG,1
KUPXEZ,1
TOQBEK,1
ISUWUP,1
FEWFUM,1
CIXFOH,1
TIHDAS,1
KONHED,1
QAVDAV,1
FUWCEH,1
GUNGAZ,1
EQUHAB,1
GIPLIC,1
WARHEG,1
CAMVES11,1
NEPMIE,1
DIQTAB,1
RASJON,1
PIHTIJ,1
DUVDIL,1
DOBHAH,1
LOCGAP,1
QIPGUU,1
DUBNOH,1
HMBXOF,1
ZAJHUR,1
ITUGEK,1
HUHVOW,1
ASOWUC,1
TEVZID,1
GIVNOS01,1
SADGEM,1
SAVXIA,1
DERHIU,1
CEGDIC,1
ECICIC,1
EFACAS02,1
EYUKUG,1
ZEYZAH,1
ZUTHII,1
EZADIS,1
WEXPUK,1
HAHHIH,1
PUDPEL,1
KILVIN,1
BUPRAF,1
DOQDUK,1
PEZSOF,1
YAYHUB,1
XOCYOH,1
FEQDEM,1
YUHVAB,1
DUCLIY,1
IYOWAV,1
CEGGEC,1
JOSRUH,1
GUKFAX,1
MOQPOX,1
EPUTEQ,1
ITECIU,1
ALUQIJ,1
SAVLUY,1
GUVNOC,1
VAXQOB,1
HOSNUC,1
GIMKEU,1
MANQEB01,1
UPALEF,1
UJEVIR,1
HOWNEO,1
FACJOK,1
ITETAF,1
LEMZAE10,1
FEHZAT,1
XOVGOG,1
KOLMAZ,1
PERWER,1
LONZOD,1
WAWQUH,1
NEJJIV,1
MUXSIH,1
ZILSUM,1
OLODOJ,1
ILUKUX01,1
HIZGOP,1
NOCCOA,1
FAMPAO,1
CUDQAX,1
PAHWOM,1
BIJLUF03,1
TUDKAH,1
OFUXUM,1
RUTGAS,1
DUXCEG,1
YALREL,1
FORSEO,1
JICXOI10,1
KAMWUU,1
CERNOF,1
ILUGUT,1
KEQYAG,1
IFIZEF,1
SISXUP,1
DOQFEW,1
YAXNIV,1
EZAGER,1
DUCKUJ,1
NIKKAW,1
BAHSUA,1
FAPHUC,1
VECBAJ,1
ANUTAG,1
UTUJOL,1
XARXEU,1
EYAQEB,1
GUBBOW,1
NABJIK,1
LENYEJ,1
KAGBAX,1
FIWVOA,1
GAFSAI,1
QUMNOB,1
MAVYAN,1
IHAMUC,1
BUTYIB,1
MEDLIR,1
SEPXUK01,1
BADGAO,1
VAGQOK,1
MEHREX,1
QOTPIY,1
OMIKAY,1
CENHAE,1
RAJXAC,1
CHXAMH04,1
EQAYIH,1
SOKPIV,1
EVIHIC,1
VEPKIL,1
LIWLEL,1
OHIFEQ,1
VEVYAW,1
OGIMOJ,1
CINLAN,1
FUWBIK,1
VIYYUA,1
BOXBID,1
FADCAP,1
IRUHAF,1
GIDXEY,1
CAFYEQ,1
CDEXIA10,1
FAPLUE,1
QIWPOD,1
YOWJAX,1
EFEZIZ,1
NEWXAQ,1
AVILOG,1
MONQOV,1
XIWVEI29,1
ZAGXEO,1
FUGKOK,1
BOGVAW,1
BELQUE,1
GEHBIH,1
IHOCAM,1
XUMTUU,1
YOZYAQ,1
QEXDOP,1
WASNUC,1
QIHCES,1
NICDOS,1
REZLIV,1
VECXAD,1
OCELER,1
XERTEU,1
AZEWUA,1
PIWTIZ,1
EJIRUO,1
ASIMIA01,1
NADJOU,1
DIXWUC,1
XUWLUA,1
KIYPEO,1
VAMDOF,1
ACUPOG,1
BANKAE,1
BESREA,1
DUMWOA,1
EKUYUI,1
GENREA,1
GENXIK,1
GENXOQ,1
GENXUW,1
LIKDIV,1
LIKDOB,1
LIKDUH,1
MEGBUX,1
NEHFEO,1
NEHFOY,1
NEHGAL,1
PINRAJ,1
QEZJEM,1
QEZJIQ,1
QINVER,1
QUKTAU,1
SAKRIK,1
SUNRIF,1
SUNSEC,1
TEHQEE,1
UPINIS,1
VABFEO,1
VAGKEV,1
XUVMOU,1
YAPXET,1
ZUNHUO,1
ZUNJAW,1
BAFDOG,1
ELODES,1
ELODIW,1
ELODOC,1
IRURIY,1
IRUROE,1
IRURUK,1
IRUSAR,1
IRUSEV,1
IRUTAS,1
IRUTEW,1
IRUTIA,1
IRUTOG,1
IRUWEZ,1
IRUWOJ,1
JAKRAS,1
JOBFEO,1
JOBFIS,1
JOBFOY,1
JOBKUJ,1
JOBLAQ,1
KAFSAQ,1
KAFSOE,1
KUZRUW,1
LEZQUG,1
LEZRAN,1
LEZRER,1
LEZRIV,1
LEZRUH,1
LEZSAO,1
LEZSES,1
LEZSIW,1
LOFFEV,1
LOFFOF,1
LOFGEW,1
LOJVOZ,1
MOWCAG,1
OCEFIP,1
RATDID,1
RATDOJ,1
RATDUP,1
SEGMAW,1
TOVWUY,1
USENEN,1
USENIR,1
UWODUG,1
UWOFAO,1
UWOFES,1
UWOFIW,1
VOSHIY,1
VOSJIA,1
WIQNAO,1
XOTHUL,1
XOTJAT,1
XUHQAW,1
XUSGIF,1
YUVVIX,1
ACOTUH,1
ACOVAP,1
ADOCAZ,1
AGEQOV,1
AGEQUB,1
AJUCAK,1
AJUCEO,1
AKEDUP,1
AKEFAX,1
AKUVEH,1
AKUVIL,1
ALABEV,1
ALABIZ,1
AMIJUC,1
AMOFAM,1
AMOFIU,1
AMOMOH,1
APESEU,1
AQADAY,1
AQALAI,1
AQIBEJ,1
ARAFAB,1
ARAYAT,1
AROBEP,1
AVELET,1
AVELIX,1
AVERIC,1
AVITOO,1
AYUXAT,1
BABMUN,1
BACNIC10,1
BAGROQ,1
BAMZIA,1
BAMZOG,1
BEFMIL,1
BEGWUG,1
BEKXEY,1
BIBWIW,1
BIVDAL,1
BOBGOQ,1
BOXQUA,1
BOXWEQ,1
CAKRUE,1
CATGEK,1
CHBZOA10,1
CHBZOA20,1
CHBZOB10,1
CHBZOC01,1
CHBZOC10,1
CHBZOC20,1
CIQMEY,1
CIRZEL,1
CIRZOV,1
CITLAS,1
COGPUM,1
COGQAT,1
CUDXIK,1
CYPNPH,1
DACSEG,1
DAGLEC,1
DAJZAQ01,1
DAJZIY,1
DINHEP,1
DINHIT,1
DOBFEF,1
DOLCIS,1
DOPJEZ,1
DOPJID,1
DOTVOX,1
DOYBOI,1
DOZVAQ,1
DUGXEK,1
DUGXIO,1
DUYFOW,1
DUYLES,1
EFIZAX,1
EFUZOY,1
EGECIE,1
EGECOK,1
EGECUQ,1
EGEDAX,1
EREYEF,1
EREYIJ,1
EREYOP,1
EVOXAP,1
FAQSOH,1
FAXNEX,1
FEQRIC,1
FEXJOI,1
FEXJUO,1
FIDWUO,1
FIFKUE,1
FIWYAO,1
FOFJAP,1
FOLPAY,1
FOLPEC,1
FOQWEN,1
FUGRUX,1
GALPUH,1
GECMAC,1
GODWEB,1
GOMDEV,1
GOQBEW,1
GUCYUY,1
GUDMAU,1
GUDMEY,1
GUDMIC,1
GUPFON,1
GUPFUT,1
HAHVOC,1
HIDFUV,1
HIJPUP,1
HIXPUZ,1
HNPCPE10,1
HOKBER,1
HUDBER,1
HUYBOS,1
ICOYAA,1
IFIFEI,1
IFUHOK,1
IFUHUQ,1
IGOTIK,1
IHIXUU,1
IHUPOR,1
IPUBAW,1
IPUBEA,1
IYURUR,1
IZEJOP,1
IZULIY,1
IZULOE,1
IZULUK01,1
JEBYUO,1
JEGMOY,1
JEMLIX,1
JEMLOD,1
JEMLUJ,1
JEMQAU,1
JETFAQ,1
JEYKAA,1
JEYXAN,1
KANNAQ,1
KASGAO,1
KEWYOE,1
KEWYUK,1
KEWZAR,1
KIFGOY,1
KIFGUE,1
KIRKEF,1
KIVQOY,1
KOKBOC,1
KOKBUI,1
KOKCAP,1
KOKCET,1
KOKCIX,1
KUHWOB,1
KUWZEI,1
KUWZIM,1
KUWZUY,1
KUXBAH,1
LAMQIA,1
LEBBIF,1
LEBBOL,1
LEBBUR,1
LECPUF,1
LEPBAM,1
LERGOE,1
LETGOI,1
LEVFEX,1
LEVFIB,1
LIBSAQ,1
LIKJAT,1
LIPQAE,1
LOGXUB,1
LOJBOE,1
LOPZIC,1
LOSSAP,1
LOXSEY,1
LOYGAK,1
LOYGEO,1
LOYGIS,1
LOYGOY,1
LOYROI,1
LOYTEA,1
LUJVAO,1
LUJVES,1
LUMQEP,1
MAXCAQ,1
MAXCEU,1
MAXCIY,1
MAXCOE,1
MAXCUK,1
MAXDEV,1
MAXDEV01,1
MECVOF,1
MEHVIF,1
MOSDOP,1
MUCGIC,1
MUHDIF,1
MUKMEO,1
MUNJAH,1
MUNRIW,1
MUYPEE,1
MUYRED,1
NACDAW,1
NEMQOM,1
NOFWAK,1
NOHNUW,1
NOPFEG,1
NOXJIV,1
NUGZIA,1
NUGZOG,1
NUGZUK,1
NUGZUK01,1
NUHBEX,1
NUPHOV,1
NURMIY,1
NURMIY01,1
NUTHAN,1
NUVMOG,1
NUVMUM,1
OCUXAO,1
OCUXUI,1
OCUYAP,1
OCUYET,1
OJITIL,1
OJITOR,1
OJITUX,1
OJIVAF,1
OJIVEJ,1
OKEVUV,1
OKEWAC,1
OKUMEM,1
ORCPHA,1
ORCPHB,1
OWUBEO,1
OWUBIS,1
PABBUP,1
PABCUQ,1
PABDUR,1
PAGNET,1
PAQFES,1
PAQFIW,1
PINSIR,1
POTBEG,1
PUMVID,1
PYROPR,1
QACQES,1
QACQIW,1
QACQOC,1
QACRAP,1
QADFAE,1
QAPBOZ,1
QEJTUV,1
QIWCEG,1
QIWCIK,1
QOPQOC,1
QOXVUU,1
QOZTOQ,1
QUDHOM,1
QUJZEB,1
RAGXAY,1
RAGXEC,1
RAMPEB,1
RAMPIF,1
RAMPOL,1
RAMQAY,1
REFYIM,1
REGJOD,1
REGJUJ,1
REGKAQ,1
RELZEQ,1
RELZOA,1
RELZUG,1
REMBAP,1
RESZOE,1
REXDII,1
REYJAI,1
RIBGIW,1
ROXTIJ,1
RUCLEI,1
RUDTAO,1
SAGBEH,1
SAGGOY,1
SAGGOY01,1
SANHAS,1
SARDUL,1
SAYXOH,1
SAYXUN,1
SEGKAR,1
SEKZOZ,1
SELMUT,1
SELNEE,1
SICLID,1
SICNAU01,1
SIGCIU01,1
SIZRIG,1
SIZROM,1
SOGQIO,1
SOPTAU,1
SULLUG,1
SULLUG10,1
SURDUE,1
SUVVIP,1
TAPJEC,1
TAXSIU,1
TAZKUA,1
TEFFES,1
TIPPUE,1
TIRROE,1
TISSAQ,1
TISSEU,1
TUGXAV,1
UBUQIT,1
UDEFUF,1
UDEGAM,1
UDOXAN01,1
UDOXER,1
UDOXIV,1
UDOXOB,1
UDOXUH,1
UDOYAO,1
UJUCOS,1
ULIFOO,1
VADJER,1
VADJIV,1
VADJOB,1
VAKVOV,1
VAKVUB,1
VAKWAI,1
VAKWEM,1
VARRAJ,1
VARRIR,1
VEFSOP,1
VEHWOU,1
VERLUA,1
VERMEL,1
VERMIP,1
VINPOY,1
VIZNOJ,1
VUHYAA,1
VUQGOF,1
WAFXEI,1
WEHMEE,1
WELPEM,1
WEXTOJ,1
WEXTUP,1
WEXVAX,1
WINWIB,1
WINWUN,1
WIYKOF,1
WIYKUL,1
WONROK,1
WOTCAL,1
WOTCEP,1
WOTCIT,1
WOTCOZ,1
WUWLOQ,1
WUWLUW,1
XAWHAH,1
XAYGAF,1
XAZLIT,1
XEFDAN,1
XEGSIM,1
XEJCEV,1
XEJCIZ,1
XEJCOF,1
XEMZOI,1
XEVCAD,1
XEYFAI,1
XIBPUU,1
XIHQAI,1
XIHQEM,1
XIHQIQ,1
XIWYIM,1
XONWIH,1
XONWUT,1
XONXAA,1
XOWGIZ,1
XOYZUG,1
XUNQOM,1
XUZLOU,1
YABLIB,1
YADMAS,1
YAKNIJ,1
YAPSUD,1
YAPTAK,1
YAPYEV,1
YEGNIH,1
YEKVUG,1
YENZAS,1
YEYDIT,1
YEYDUF,1
YEYFAN,1
YEYFER,1
YIBRUX,1
YIBSAE,1
YIBSEI,1
YIBWIS,1
YOKHUB,1
YOWJIF,1
YOWJOL,1
YOWJUR,1
YURSAG,1
YUXNOW,1
YUXNUC,1
YUXPEO,1
ZAGXOY,1
ZAGXUE,1
ZAGYAL,1
ZAGYEP,1
ZAGYOZ,1
ZEDPIL,1
ZEDPOR,1
ZEDQAE,1
ZEDQEI,1
ZEDQIM,1
ZEDQOS,1
ZEDQUY,1
ZEDREJ,1
ZELDID,1
ZEPSOE,1
ZOQQED,1
ZOQREE,1
ZUCNOC,1
ZUCNUI,1
ZUCPAQ,1
ZUCPEU,1
ZUPHUP,1
ZUPJAX,1
ZUPJEB,1
ZUPJOL,1
ZUPJUR,1
ZUPKEC,1
BAQDIJ,1
BEHWUK,1
BILJEP,1
CILROH,1
CILRUN,1
CILSAU,1
CIMXOP,1
CIQMAU,1
CIQMIC,1
DEQDUC,1
DIPXEI,1
DIPXIM,1
FUTNOA,1
GAQXUV,1
HARNEX,1
HEJJEN,1
IVIXIU,1
JOZJOA,1
JOZJUG,1
JUBGOF,1
JUBHIA,1
JUBKEZ,1
JUKCUQ,1
JUMDAA,1
JUMDUU,1
JUMFAC,1
KEVCAT,1
KIFYEH,1
KUMSUJ,1
KUMTAQ,1
LEHFIR,1
LEHFOX,1
LEHFUD,1
LEZFEF,1
LEZFIJ,1
LEZFOP,1
LEZFUV,1
MESDUJ,1
NEMYAJ,1
NIMMII,1
NOWFOY,1
NOWFUE,1
NOWGAL,1
OHOCAS,1
QEPYET,1
QORVEA,1
QORVIE,1
QORVOK,1
QORVUQ,1
QORWAX,1
QORWEB,1
QORWIF,1
QORWOL,1
QORWUR,1
QORXAY,1
SORKAP,1
SORKOD,1
SORKUJ,1
SORLAQ,1
SORLEU,1
SORLIY,1
SORLOE,1
SORLUK,1
SORMAR,1
SORMOF,1
SORPEY,1
SORPOI,1
TOKSOF,1
TOKTAS,1
TOKTIA,1
TOKTOG,1
UBEKIZ,1
VULCUD,1
VUNQOM,1
WANBOD,1
WEXWOP,1
WOGBEZ,1
WOGBID,1
XIBVAJ,1
XICKUT,1
XICLAA,1
XUFTAX,1
XUFTEB,1
YADTOQ,1
YADVAE,1
YADVEI,1
YOSDUJ,1
ZANHUV,1
ZANJAD,1
ZANJEH,1
IKITEF,1
BATGUY10,1
DEQTUR,1
DERJES,1
DIJMOZ,1
KEMHAL,1
KEMHAL01,1
KEMHAL02,1
KEMHEP,1
NIHPIF,1
POSRUN,1
THYMEA20,1
XIKBAY,1
XIKBEC,1
XIKBIG,1
TOKNOA,1
ACEBUG,1
AQIGUF,1
AQIHIU,1
ASIMOG,1
AXILAX,1
BEHXES,1
CIYNEE,1
CIZQIP,1
COBLUA,1
COJQIF,1
CUGQUU,1
CUHVEI,1
CUHVIM,1
CUHVOS,1
CULVUA10,1
CUNYET,1
DEFQUC,1
DUGDER,1
DUMCEV,1
DUMCIZ,1
DUMNOQ,1
DUMNUW,1
DUMPAE,1
DUVGOQ10,1
EDEPIO,1
EDEPOU,1
EDEPUA,1
EDEQAH,1
EGIROB,1
EHIHOT,1
EHIHUZ,1
EREGUD,1
FALCUS,1
FEQXUV,1
FOMBAN,1
FUTMEO,1
FUYHIT,1
GICROB,1
GICSAO,1
GUJRAE,1
GUYDOX,1
HIFQAR,1
HIPXOX,1
HOYXIG,1
HOYXOM,1
IKUQIO,1
ILOYUE,1
JEZHOL,1
JOFTOO,1
JOFTUU,1
JOFVAC,1
JOFVEG,1
JOJJUO,1
KAHQOZ,1
KISDEW,1
KISDIA,1
KIXWAQ,1
KIXWEU,1
LAXRUZ,1
LAXSAG,1
LINJUP,1
LINKAW,1
LINKEA,1
LINKIE,1
LINKOK,1
LITJAZ,1
MESKIE,1
MIPPAE,1
MORQUI,1
MOTWAV,1
NATVOX,1
NAWWUD,1
NAWXAK,1
NAWXEO,1
NAYLIK,1
NIMTUB,1
NIMVAJ,1
NITYOG,1
NITYUM,1
NOYTII,1
NOZJAR,1
OGUJAE,1
PACZUP,1
PADBEC,1
PASBUG,1
PELSAD,1
PELSEH,1
PELSIL,1
PELSOR,1
PEPGIB,1
PETTIT,1
PEWTAO,1
PIQXEW,1
PIQXIA,1
QAFVUP,1
QAFWUS,1
QANJOF,1
QAVWIU,1
QAVWUG,1
QAVXAN,1
QOSNAN,1
QUMDAD,1
QUQXAC,1
QUQXAC01,1
RANGIA,1
RICCIR,1
SARZAN,1
SEKTIL,1
SEKTIL10,1
SETNEM,1
SUJBIK,1
TACSOH,1
TAJNOM,1
TOHFUV,1
TUXCAS,1
TUXXUG,1
TUXYAN,1
TUXYER,1
UCOPAH,1
UCOWAO,1
UDAWIG,1
UTOHET,1
UWOFUI,1
VANWEN,1
VEJGEY,1
VEJGIC,1
VOFRUF,1
VUCPIW,1
VUJRIE,1
VUJROK,1
VUJRUQ,1
WAKWAI,1
WEHMEF,1
WESDAC,1
WESDEG,1
WESDOQ,1
WESDUW,1
WIQNIW,1
WIXWEJ,1
WOTBAL,1
WOTBIT,1
WUNMIB,1
WUXJEE,1
XAFZEL,1
YAJPAB,1
YEVMAR,1
YEVMOF,1
YEVNEW,1
YEVTUS,1
YEVVEE,1
YEVVII,1
YEVVOO,1
YEVWEF,1
YEVWOP,1
YIKTIZ,1
YUSKAC,1
ZAPKIK,1
ZARXIC,1
ZEHDEV,1
ZILGIK,1
ZILGOQ,1
ZOGNEQ,1
ZOMPID,1
ZOQCAL,1
ADAQEE,1
AFIDEC,1
AFOYED,1
AFOYIH,1
AJOPOF,1
ARUHEA,1
ARUHIE,1
BACSAD,1
BEQWID,1
BOBWAR,1
CAXROJ,1
CAXROJ01,1
CUTKAE,1
DAWCOU,1
DEQGOZ,1
DEQHAM,1
DEQHEQ,1
DEQHIU,1
DEQHIU01,1
DEQHUG,1
DOKDEP,1
DOKDIT,1
DOKDOZ,1
DOKDUF,1
DOXFOP,1
DOXFOP01,1
DUBNUM,1
ECOWAY,1
ECOWIG,1
EGAXAM,1
EGAXEQ,1
EGAXIU,1
EGIRIV,1
FACWIP,1
FACWIP01,1
FACWIP02,1
FEQXOP,1
FOWZIA,1
FUQSAO,1
FUWGUC,1
FUWHAJ,1
FUWHEN,1
FUWHIR,1
FUWHOX,1
FUWHUD,1
FUWJAL,1
FUYHAL,1
GIRGIB,1
GIYBIA,1
GOJTEI,1
GOKMOM,1
GOKMUS,1
HAJNEM,1
HIVTOY,1
HIVTUE,1
HOVCAW,1
IDIBAA,1
INEBEL,1
INEBIP,1
INEBOV,1
JIVVUI,1
JIVVUI01,1
JIVWAP,1
JOJKAV,1
JOJKID,1
JOYMAO,1
JUTWIE,1
KATXAE10,1
KEKNEU,1
KEWYOB,1
KICNAM,1
KOJMUR,1
KOJMUR01,1
KOMXAL,1
KOMXAL01,1
KOMXAL02,1
KUBKEZ,1
KUJGAX,1
LALCOS,1
LAVYAM,1
LAVYEQ,1
LIBQUM,1
LITJED,1
LUQJIU,1
LUQKAN,1
MALPUL,1
MALQAS,1
MALQEW,1
MIPPUX,1
MIPQAE,1
MIPQEI,1
MOJREJ,1
MORSAN,1
MORSER,1
MOTWUP,1
MOTWUP02,1
MOTWUP05,1
MULRUH,1
NEHLUI,1
NOBSEG,1
NUWRAB01,1
NUWSUW,1
OBACUT,1
OBADAA,1
OGOFAS,1
OGOFEW,1
OGOFIA,1
OKAWEC,1
OKAWIG,1
OZOBOV,1
POHTOZ,1
POKHAZ,1
POKHED,1
POKHIH,1
POKRIU,1
POKROA,1
POVMUL,1
QAKDEL,1
QAVMIL,1
QAVMOR,1
QIXPIW,1
QOYLOI,1
QOYMAV,1
QOYMEZ,1
QOYMID,1
RAFFAG,1
RICPAV,1
RIPMOV,1
RIPMUB,1
RIPNAI,1
RIPNEM,1
RIPNIQ,1
RIPNOW,1
RIPNUC,1
RUQHIY,1
RUQNAW,1
SAVYAS,1
SAZTIZ,1
SEHCOX,1
SITXOM,1
SITXOM01,1
SITXUS,1
SITXUS01,1
SUYVAJ,1
SUYVIR,1
TABFEI,1
TAMTAE,1
TAMTOS,1
TAXMIP,1
TEGFAM,1
TEXXED,1
TIDDAL,1
TISKUB,1
TISLAI,1
TOBGIC,1
TOBGOI,1
TOBGUO,1
UHEROP,1
UHERUV,1
UHESAC,1
VARZIB,1
VAZGAH,1
VEJJIF,1
VIWPEA,1
VIWQOH,1
VOCWEP,1
VOWTUY,1
VOWVEK,1
WAKXOZ,1
WOGBOJ,1
XAHYAK,1
XARCIE,1
XARCOK,1
XASYIB,1
XASYIB01,1
XASYUN,1
XOBFAW,1
XOBFEA,1
XOBFEA01,1
XORPIH,1
XORPIH01,1
XOVQAE,1
XOVQEI,1
XUFSUO,1
XUHPOJ,1
XUXDEC,1
XUZKOU,1
YAJNON,1
YAJNON01,1
YAJNUT,1
YEGBUI,1
YOSYEN,1
YOSYIR,1
YOSYOX,1
YUMDUI,1
ZABZAI,1
ZACBEP,1
ZARXEY,1
ZASQAO,1
ZASQES,1
ZORPAB,1
AHALON,1
AHALUT,1
IFUDOG,1
JIPNEF,1
JIPNIJ,1
RONLAK,1
RONLEO,1
RONLIS,1
SESWUM,1
SESXAT,1
SESXEX,1
SESXIB,1
SESXOH,1
SESXUN,1
SESYAU,1
SESYEY,1
SESYIC,1
SESYOI,1
SESYUO,1
SESZAV,1
SUYMOR,1
SUYMUX,1
TEXXIH,1
ALINOB,1
COQFOF,1
COQFUL,1
DUFWUX,1
DUFXAE,1
DUFXEI,1
EFERAJ,1
EFEREN,1
EFERIR,1
FIHQIA,1
FIHQUM,1
IREPOL,1
LIWNUD,1
LOXQOI,1
LOXQUO,1
LUZCIV,1
MILCIW,1
MOHFIY,1
NEHJAN,1
NUQRUP,1
NUQSAW,1
NUTTIH,1
OHUXOE,1
OWIKUC,1
OWIMAK,1
PAHJEQ,1
PAHJIU,1
PAHJOA,1
PIYYAB,1
PIYYEF,1
PIYYIJ,1
PIYYOP,1
PIYYUV,1
PIYZIK,1
PUFMEL,1
PUKYAZ,1
QIBNEY,1
QIBNIC,1
QIBNOI,1
QIBVEG,1
QIDHOD,1
QIDHUJ,1
QIDJAR,1
QULNOB,1
SAXCUS,1
SUFHAG,1
TACXUS,1
TAGHUG,1
TAGJAO,1
TAGJES,1
TAGJIW,1
TAGJOC,1
TAGJUI,1
TEMXAN,1
TEMXER,1
TEQKEF,1
TISVAW,1
TISVEA,1
TISVIE,1
TISVUQ,1
UCUFAB,1
VOQDEK,1
ZURXUH,1
ZURYAO,1
ZURYES,1
AJOHUD,1
AJOJAL,1
YUMKUP,1
YIGPOW,1
YIGQEN,1
BILHIR,1
BILHOX,1
BOJSUR,1
CUXHUB,1
CUXJAJ,1
DASTEA,1
DASTOK,1
DOHROK,1
DOHRUQ,1
DOHSAX,1
DOHVUU,1
DUNPIP,1
EGOQOI,1
EGOQUO,1
EGOQUO01,1
FAYVIO,1
FUNKIM,1
GELWAZ,1
GELWIH,1
GELXUU,1
GIPWUA,1
GIPXAH,1
GIPXEL,1
GONQUY,1
GONRAF,1
GONREJ,1
GONRIN,1
GONROT,1
GONRUZ,1
GONSAG,1
HAXGAP,1
HAXGET,1
HOLMUU,1
KAKGUD,1
KIDTUN,1
MALGUD,1
MALHAK,1
MALHEO,1
MITGAY,1
MIXFIL,1
MIXFOR,1
NUGPEO,1
OBAZUP,1
OBAZUP01,1
OBAZUP02,1
OBAZUP03,1
OTILUA,1
RAKHIU,1
SISCEF,1
TODPIP,1
TODREN,1
TODTUF,1
TODVAN,1
TODVER,1
TODVIV,1
TODVOB,1
UREFOP,1
UREFOP01,1
UVISIC,1
VANVEO,1
VOGPUG,1
YELSIV,1
YUMGAS,1
YUMGEW,1
ZEZFAO,1
AREPAQ,1
AREPEU,1
ATAPIX,1
ATOZAN,1
ATOZER,1
ATOZIV,1
BAFDUM,1
BILHUD,1
BILJAL,1
BUNMEG,1
BUNNUX,1
CIKYEE,1
CIKYII,1
CIKYOO,1
CUGQAA,1
CUGQEE,1
CUGQII,1
CUGQOO,1
CUGRAB,1
CUGREF,1
DAMLEM,1
DANYEZ,1
DANYID,1
DUPCOK,1
DUPDAX,1
DUTZOJ,1
DUTZUP,1
EJUYAN,1
ELACIH,1
ELACON,1
EVIROT,1
EVIRUZ,1
EVISIO,1
EVISOU,1
EVITOU,1
EVITUA,1
EVIVEM,1
EXUWAW,1
FAWZOW,1
FECXUH,1
FEMSIA,1
FIDXID,1
FIFLEP,1
FIFLIT,1
FIWCUN,1
GANKIR,1
GEFTUJ,1
GEGZOK,1
GEWZOA,1
GIBMUB,1
GILXAB,1
GIZRUC,1
GOBKAN,1
GUMCIB,1
GUNYIB,1
GUNYOH,1
HAMLAK,1
HEWKEC,1
HURNIV,1
HURNOB,1
HURREV,1
IHOQUV,1
IHUMUU,1
IMANER,1
IMUNAI,1
IMUNIQ,1
IMUPAK,1
IZUWUY,1
JABMOT,1
JEVDEW,1
JISWEO,1
JOXXUS,1
JUYHAP,1
JUYJOF,1
KIRRIM,1
LALPOH,1
LALPUN,1
LEFPEU,1
LEMBAH,1
LUXVAB,1
LUXVEF,1
LUXVIJ,1
NAGWEB,1
NAGWIF,1
NAGWOL,1
NAGWUR,1
NAGXAY,1
NAGXEC,1
NERYIV,1
NIBDAH,1
NIBDAH01,1
NIBDAH02,1
NIBDAH03,1
NIBDAH04,1
POGVIU,1
POGVOA,1
PUSJUM,1
RISDOQ,1
RISDUW,1
SASZOF,1
SASZUL,1
VEPNEK,1
XAGHOE,1
XAGHUK,1
XUTWES,1
YEFSUZ,1
YEKKEG,1
MAZSOV,1
MAZSUB,1
ABIKUU,1
ABILAB,1
ABILEF,1
ABILIJ,1
ABILOP,1
ABILUV,1
ABIMAC,1
ABIMEG,1
ABIMIK,1
ABINEH,1
ABINIL,1
ABIPEJ,1
ABIQEK,1
ABIQIO,1
BOWGIH,1
BOWGON,1
BOWGUT,1
BOWHAA,1
BOWHII,1
BOWHOO,1
BUSFII,1
CAHTEM,1
CAHTEM01,1
CAHTEM02,1
CAHTEM03,1
CAHTEM04,1
CAHVAK,1
CAHVAK01,1
CAHVAK02,1
CAHVAK03,1
CAHVAK04,1
CANHOR,1
CAXFIT,1
CAXFOZ,1
CEMMUG,1
CEWTII,1
DACJEA,1
DACPOP,1
DEDTUE,1
DEDVEQ,1
DEFSOA,1
DIJNAN,1
ECALUT,1
ECIKIL,1
EJUYER,1
EJUYIV,1
EKUKUR,1
EQEMEU,1
FEQXAC,1
FOXLAG,1
FUXWON,1
FUXWUT,1
FUXXAA,1
FUXXEE,1
FUXXII,1
FUXXOO,1
FUXXUU,1
GEHCEE,1
GEHDEF,1
GEHDIJ,1
GICGUX,1
GUFWUA,1
GUFXAH,1
GUFXEL,1
GULZUM,1
HEHYOL,1
HEHYUR,1
HEVQOQ,1
HEVQUW,1
HEVRAD,1
HEVRAD01,1
HOTNEM,1
IHAKAH,1
IHAKEL,1
IHAKIP,1
IYEMAC,1
IYEMEG,1
IYEMIK,1
JODRUS,1
JODSAZ,1
JOWXEC,1
JOWXIG,1
JOWXOM,1
JUTQOI,1
JUTYUW,1
KATJEW,1
KENRED,1
LAXWEP,1
LEJNUL,1
LEJPAT,1
LOLJOO,1
LOLJUU,1
LOTBOO,1
LOTBUU,1
LOTBUU01,1
LOTCAB,1
LOTCEF,1
LOTCIJ,1
LOTCOP,1
LOTDAC,1
MAVTAI,1
MEKPAX,1
MEKPEB,1
MOTZOM,1
MOVBUW,1
MOVCEH,1
MUDTEN,1
MUDTIR,1
MUDTOX,1
NODVOT,1
NOKWAP,1
NOKWIX,1
NOLSEO,1
NOLSIS,1
NOLSOY,1
NOLSUE,1
NUFJEH,1
NUFJIL,1
ORAVOU,1
OVUCOA,1
OZUKIG,1
PABVEY,1
PABVIC,1
PABVOI,1
PEPSIM,1
PEVZID,1
PEVZOJ,1
PORWUS,1
PUDXES,1
PUDXES01,1
PUDXES02,1
PUDXES03,1
PUDXES04,1
PUTGEU,1
PUTNIF,1
PUTREC,1
PUXYIU,1
QARGAV,1
QARGEZ,1
QUJPAP,1
QUJPET,1
QUJWAW,1
RECRUQ,1
RECSAX,1
RECSEB,1
RECSIF,1
RECSOL,1
REYMAL,1
RUYBEV,1
RUYBIZ,1
SAQYAM,1
SATJEE,1
SENNOR,1
SENPAF,1
SENPIN,1
SENPOT,1
SENPUZ,1
SENQAG,1
SENQEK,1
SENQIO,1
SENQOU,1
SENQUA,1
SENRAH,1
SENREL,1
SIWLIV,1
SUZCOJ,1
TATVER,1
TEKPAE,1
TETWAU,1
TETWEY,1
TOJQIV,1
TOJQOB,1
TOJQUH,1
TUHGIQ,1
TUHNET,1
TUHNIX,1
UHIBOG,1
UTEVAR,1
UTEVEV,1
UTEVIZ,1
UZUBAV,1
UZUBEZ,1
VAFZUY,1
VAGBAH,1
VEPNAG,1
VILCEZ,1
VOLZON,1
VOMNUI,1
VOMPAQ,1
VOMPEU,1
VOMPIY,1
WIFSOU,1
WUTGOK,1
WUTJOM,1
XAHKIA,1
XAYMOC,1
XAYMUI,1
XIVMAU,1
XOVGUN,1
XUHPUP,1
XUWLEK,1
XUWLIO,1
XUWLOU,1
YIDQOV,1
BAKTUG,1
CAMHAD,1
CAMHEH,1
CAMHIL,1
CAMHOR,1
CAMJAF,1
CAMJEJ,1
CAMJIN,1
CAMJOT,1
CAMJUZ,1
CAMKAG,1
CAMKEK,1
CUBZUV,1
HATYEH,1
HOWBAA,1
IXEWOX,1
JUTYAB,1
LAMREX,1
LEZXAT,1
LODFEQ,1
LOJMIH,1
LOXSID,1
MANTEE,1
MANTII,1
MANTOO,1
MANVAC,1
MAVVAI,1
PAXWUK,1
QARFUO,1
RACNUI,1
UJEPAB,1
UJEPEF,1
VESTUI,1
XAPNUX,1
ZAQSUF,1
ZAQTAM,1
ZUYPUG,1
ZUYQAN,1
YAZPAU,1
YAZPIC,1
KAPTOL,1
PALWAA,1
PEPSOS,1
XIVYIN,1
XIVYOT,1
XIVZEK,1
XIVZIO,1
XIVZOU,1
XIVZUA,1
XIWBOX,1
ASAWEW,1
EJISUP,1
EJITUQ,1
FOQTEM,1
FOQTIQ,1
FOQTOW,1
FOQTUC,1
FORFEZ,1
MALHAI,1
NERYIS,1
NOVNAP,1
NOWBUY,1
NOWCAF,1
NOWCEJ,1
OSOBUU,1
OSOBUU01,1
REFXOQ,1
TENLON,1
TENLUT,1
UKOFEJ,1
XUNLIB,1
XUNLUN,1
XUZTOB,1
YOCRAJ,1
YUPTIM,1
ZAHMIE,1
ZALHAV,1
ZALHEZ,1
ZAQMIN,1
ZAYVAZ,1
ZAYVED,1
ZIDPAD,1
ZUFVEB,1
ZECMUP,1
ZECMUP01,1
DECWOX,1
JICRIW,1
JIHJEP,1
KEFKOV,1
KEFKOV10,1
KEFKUB,1
KEFKUB10,1
KUGKIG,1
REFVUT,1
REFVUT01,1
BICXEU,1
BICXIY,1
IVORUJ,1
JABTEQ,1
JABVIW,1
JOBFIT,1
MOVLES,1
MOVLIW,1
MOWKAO,1
QEYDUX,1
QEYFEJ,1
QEYFOT,1
QEYGAG,1
TIDWEM,1
TIDWOW,1
VAVKAI,1
YOBDUR,1
YOBFED,1
YUHVUV,1
PYRAMM01,1
WANNAA,1
ELIHOW,1
FIXBOE,1
BUFVEH,1
BUFVIL,1
BUFVOR,1
EQEXIJ,1
EQEXOP,1
EQEXUV,1
LISTOX,1
LOPKIM,1
REQXES,1
RURZUB,1
YEQFUZ,1
KUXTAA,1
HECNEI,1
JORVER,1
MALSUO,1
MESTUA,1
NASQAA,1
OVUVOS,1
RAGXIG,1
RAGXOM,1
RALCIU,1
RALCOA,1
REXDOO,1
TEVDOO,1
UKINUZ,1
UYUXIW,1
UYUXOC,1
WONWAX,1
WONWIF,1
XUYFEF,1
XUYFOP,1
YABFOA,1
YABFUG,1
YABGER,1
CUQGUS,1
PYEXDA,1
QIXKIV,1
UYUYAP,1
AFEPOU,1
BEGKUW,1
DAFNOO,1
DOFSUO,1
FEKVUN,1
GEGTOD,1
ILILEV,1
LAMRIB,1
LEYNIN,1
OBALIO,1
RIZGEM,1
RIZGEM01,1
SIDCOY,1
URUROR,1
YEHJIF,1
BEKXAU,1
CADPEH,1
LIKWEH,1
OQIGUT,1
POYKOD,1
TEFVIN,1
UNEBIB,1
QAGDIM,1
HETZAK,1
PUSJOG,1
QUFQER,1
QUFQIV,1
BIDVIT,1
GEDPOV,1
HODZCH01,1
HODZCH02,1
IZUYOR,1
JALQOC,1
JALQOC01,1
KIZLAG,1
NIGTAY,1
RELVIR,1
XZHCBH,1
AVOMUT,1
HOQQIN,1
KORLIM,1
USIXEA,1
FOPHAU,1
TITLUD,1
YAFFOB,1
CUZPOD,1
QUCTIR,1
WINBUQ,1
ROJSAO,1
UYUWAN,1
BUCLUK,1
COMTUU,1
CUDJOA,1
DENMIV,1
DENMUH,1
DENNAO,1
FUWVUR,1
GEFVOF,1
GIVLED,1
GUGHIZ,1
HUSSEU,1
KINLIE,1
KINLOK,1
PIFHUK,1
PIFJAS,1
PIFJOG,1
PIFKOH,1
PIFKUN,1
PIFTOQ,1
PIFVUY,1
QILPUA,1
QILQAH,1
TAZKUE,1
WAKVOV,1
WAKVUB,1
WAKXUF,1
WINCIF,1
XEFMII,1
XEFMOO,1
XEFMUU,1
XIVYUZ,1
XIVZAG,1
XUKXIK,1
YEVMEV,1
YEVNAS,1
YEVVAA,1
KEFMEQ,1
YAVQAN,1
REKYIR,1
UPISOC,1
ASIMIA,1
AVUNOX,1
AVUPAL,1
AWUROA,1
AWUWUL,1
BIHQAL,1
BIMXOL,1
BIMXUR,1
BURKEF,1
BURKUV,1
CENKUF,1
CEVJOE,1
CIMCIM,1
COMTII,1
CURFIG,1
DAGKAB,1
DATNOF,1
DUWFIL,1
EKAGUS03,1
ELAKUY,1
ELALAF,1
EPIRUR,1
EXESAC,1
FEKWAU,1
FIFTAR,1
FOMLUQ,1
FOQYAO,1
GANDAC,1
GANDEG,1
GAQXIG,1
GEFVIZ,1
GUGPOO,1
GUHMEB01,1
GUHMEB02,1
HEQQOJ,1
HIBNAJ,1
HIJXOO,1
IFAJOR,1
IFAJUX,1
IFAKAE,1
IFAKEI,1
IFAKIM,1
IFAMUX,1
IFAVOC,1
IFOLUM,1
IGIBAC,1
IGIBIK,1
IGIBOQ,1
IGICAD,1
IHOCEQ,1
IHOCIU,1
IPATIC,1
ITUREX,1
IXOYIF,1
JAGFUS,1
JAXQEE,1
JIHFIP,1
JODMOE,1
KEVWUE,1
KINMEB,1
KOBYEF,1
LAMROH,1
LAMRUN,1
LIDWUU,1
LUPLUE,1
LUQSUL,1
MARHUM,1
MOKSUC,1
MUHDOL,1
MUZGOF,1
MUZJOJ,1
NACMIQ,1
NACMOW,1
NADJIO,1
NODVIN,1
NODWEK,1
NOVMUI,1
NURMOE,1
NURMOE01,1
NUTBIQ,1
NUXHIZ,1
OFOQIM,1
OPAWUA,1
OZEBUR,1
OZECAY,1
OZECAY01,1
OZECAY02,1
PIBREA,1
PIFJIA,1
PIFJUM,1
PIFTUW,1
PIFVAE,1
PIFVIM,1
PIFVOS,1
PIFWAF,1
PIWBEC,1
POZZEK,1
PUDWUH,1
PUDXAO,1
PUDZEU,1
PUDZIY,1
PUZLAY,1
RAWQUD,1
REFWII,1
RENZES,1
RIBLUJ,1
RIZZEI01,1
RIZZOS,1
ROZQEE,1
SABMIS,1
SARPAE,1
SEQNEK,1
SOLMAK,1
SUBZIY,1
SUBZOE,1
TETVUN,1
TUHWOL,1
UVUJUR,1
VETZAX,1
VIXNUM,1
VOFRIT,1
WECPAV,1
WEHTEL,1
WEPHUV,1
WIQHUC,1
WIQJAK,1
WITHAI,1
WOHJOS,1
XACVED,1
XAHHAR,1
XAHHEV,1
XAHHOF,1
XAHHUL,1
XAMQOU,1
YETKEN,1
YEVWAB,1
YIBDIY,1
YUJFUE,1
ZAXPUM,1
ROYVAE,1
BUNMIK,1
APUPOR,1
APUPUX,1
DOYKOS,1
GIBZIC,1
GIBZOI,1
GIGSIZ,1
INALAN,1
JIPTOS,1
JIPTUY,1
LUMXOJ,1
QIWCAC,1
JUVZUZ,1
LETHIE,1
CEGDEY,1
UNOJUF,1
GUFXOU,1
XERSIW,1
AHEREM,1
OGIMID,1
NAMDEL,1
PEGGAL,1
IHANEN,1
ELUMII,1
ETUMEN,1
MIYGIM,1
VEPXEW,1
ZUQPAF,1
HUNXUJ,1
TUDLAG,1
XAMYUH,1
COFKOY,1
ZOXJAA,1
LOBLAQ,1
SOVYIO,1
BAHHIB,1
EDEHEC,1
ZILPIX,1
GIXDEZ,1
IQOBIB,1
AGIYAR,1
PUMLIV,1
YUFCAE,1
BIJWAS08,1
TEQTER,1
OSIYIA,1
GAVVOS,1
KUXTOO,1
XEVFAI,1
BEPKOZ,1
OREKUU,1
PECXOO,1
YUFBUX,1
JUSMES,1
DICSEO,1
FEWCUJ,1
PEHMIB,1
MAVXEQ,1
TOZFIA,1
ROVQAX,1
XIWVEI13,1
BIJLUF05,1
OXETIV,1
MIZZUU,1
GOVNOW,1
JOFVIK,1
SATNUX,1
CETRIE,1
BASWIB,1
KOTZIC,1
AMEJIN,1
MAPXEJ,1
GEMTUR,1
ULOXAY,1
DOQDIY,1
GEHYUQ01,1
WEGCAQ,1
AMOQAX,1
BOSMAY,1
OZAZAS,1
ZOCKEL,1
WUVJOP,1
MOWRUP,1
RODHOK,1
WADTON,1
KITFOK01,1
LOCJIA,1
GASLUI,1
REZYEA,1
RIZQEY,1
GAYTEI,1
FAZPIG,1
BELQOY,1
MADNOY,1
WURBAO,1
VUBDOO01,1
XEPKAH,1
UXOZOY,1
ALUKAV,1
XAYYOL,1
VUQQOR,1
VOPYIJ,1
GAHGOO,1
ANUJOK,1
LOFDAL,1
AMABEX,1
FONXUC,1
OGISOP,1
XOVVEN,1
RIGCET,1
POBHOE,1
EZADUE,1
GAGDOL,1
VABDOT,1
XASKUZ,1
POWSIG,1
ILUFIG,1
NEWPOV,1
GESSUV,1
MAVZUE,1
KUYFAN,1
MADPAM,1
LEFWOL,1
QUJFIK,1
CAMVES01,1
XEFVIP,1
REVTOC,1
ABUDOQ,1
MUMKEL,1
OMICEV,1
XASNAI,1
PUXGEX,1
XURHOH,1
BIJWAS06,1
RADCUY,1
SADQAT01,1
FACPAF,1
PECWON,1
TIRPUI,1
BUYXOI,1
FUJGOG,1
MAQBOY01,1
WODGIG,1
POCCIU,1
BURCEA,1
SAQQIM,1
YAHJEZ,1
QEVTEU,1
FIQRAC09,1
WECMEW,1
BUVYAU,1
SAXCOM,1
QEXLUA,1
NIWFAC,1
WAFHOB,1
YAXNOB,1
RIRVUL,1
BIJLIT,1
JETHIA,1
EYEKAW,1
VUWNEI,1
CAKJAD,1
VIGPAD,1
FINQEZ,1
REKFOD,1
ICUFUL,1
VABGOX,1
XEVQUN,1
QUJFUW,1
GURLIQ,1
MUZDUG,1
OFUXOG,1
VIJLUW,1
AXUGEI,1
PIFZAI,1
VOPXUU,1
SAKJEV,1
GAKPUG,1
XUSVEN02,1
XOVWEO,1
HAWFET,1
IMOQIK,1
ZOPZAI,1
NABJIK01,1
AJEWES,1
MEFMAL,1
DAJJIK,1
EFIVIB,1
SUMVII,1
OYELAH,1
GOJJIA,1
MAFLUE,1
JACTUF,1
SIXTEY,1
GUKDID,1
XUDROG04,1
LERPUX,1
DCHXCR02,1
WEZFUD,1
IYOMUF,1
QAZNAG,1
POGTEN,1
OMICAR,1
BIJLUF26,1
PAVLEH,1
KUQLOB,1
BACBAM,1
MAFPUG,1
ACDPNP01,1
ILUPUC,1
WIQQUL,1
TIXFIQ,1
VUYHEE,1
QIZMES,1
GEFLIO,1
IKUTOX,1
MIYFIL,1
HUHYER,1
LEHQAT,1
ICOVUS,1
BOTKEB,1
LAHXIG,1
PEHMEX,1
WIKHED,1
IKUTEN,1
MEDLOZ,1
KITFOK,1
CODCOQ,1
RICVEE,1
QAKNEV,1
DUGFET,1
LEHQEX,1
SIFXIR,1
PCYPCR10,1
KIDFAI,1
KARVIK,1
GIDYOI,1
RUVJIE01,1
AXIDOD,1
RIRWAS,1
IKURUD,1
ICEVAN,1
DOHBOC01,1
EHOVAA,1
FECMUY,1
PIQHIJ,1
ROTHOA,1
ABEHOG,1
VIMRUG,1
SAVYEX01,1
SOVKEU,1
UJUQUO,1
IJAQIV,1
HUYKIY,1
ROKBOK,1
YUYFOP,1
EHAGUT,1
QONCAX,1
PUZBOC,1
DICWET,1
SUDCED,1
BALTIT,1
VUWLIK,1
SABDAE,1
BADNED,1
DAZJAT,1
IKEWED,1
NUMZAA,1
NAQSAD,1
INOLED,1
SAGWEE01,1
POBHIY,1
WIVDOV,1
IGEGUZ,1
ULUZEJ,1
GUMCOH,1
XUMLIA,1
SOCSUA,1
ITOZUP,1
MIPYEP06,1
BIJLIT03,1
LABRAK,1
COTBAP,1
LEKGUE,1
TICZUD,1
TENLIH,1
WOQGEQ,1
KUSKER,1
FEYVIS,1
NUGQIT,1
FAZFIW,1
QAYTUI,1
GAGKEI,1
IGEHAG,1
ZAGNOO,1
ESIBEO,1
VUMMIB,1
TIWXON,1
IQOBUL,1
REFWAA,1
QUKQUK,1
SOWCEO,1
KISKAB,1
QOGKUT,1
BIYYAC,1
OHOBAR,1
KUPROF,1
FANLIQ,1
GIMNAT,1
AHOYIH,1
BIJLUF21,1
CECBIX,1
VIQLOY,1
MAPXAG,1
ELAMUZ,1
XIBDOC,1
QUFLOU,1
VIPHAF,1
GEHBON,1
LIJROM,1
CUVMAK,1
AKALEF,1
FAFJAY,1
DOFMAQ,1
UKORUI,1
YOPGUI,1
RAKCIR,1
CAFYAM,1
NEPMOK,1
FEQDOX,1
UKIXET,1
NIJSOS,1
REYJIQ,1
SABXOM,1
CEZHAT,1
DOXWAS,1
SABDEI,1
GEMTOL,1
XUXHOO,1
MEFQOE,1
QICPAT,1
SACKIS,1
BOBVUL,1
SOGSOY,1
GEMVED,1
EKIQOG,1
YESSAR,1
VUSFIY01,1
IBUZAJ,1
IMOPEF,1
EPUVES,1
EPAQIW,1
HAQNOE,1
BOPFOE,1
MOBVII,1
XEFVAJ,1
DOFRAT,1
FUPSUG,1
RISVEW,1
VOPYOP,1
IJANAK,1
YEGFOH,1
RIBBEK,1
JIVXOE,1
ZUDHOY,1
XUCKIS,1
BUVWAR,1
MIPYEP04,1
AREXAY,1
UZIJUL,1
KEVVOA,1
EDEJUW,1
CRAMCC10,1
EFESER,1
UPEBEY,1
JEXDOI,1
XURGAW,1
ILAMOA,1
WIWMAQ,1
ACOSUI,1
FAVCIS,1
VUNHEV,1
LAHXAY,1
BIFKEG,1
OCATOD,1
JEKGAK,1
ROGPEM,1
TEBXIL,1
IWAXIO,1
RONFIJ,1
NUBDEX,1
HEHLUB,1
DESFIU,1
VESNEN,1
QOJSIS,1
ABEHIA,1
ZULHIZ,1
NEYLUC,1
PUDNAF,1
FINPEY,1
MOBYEJ,1
EKIPUL02,1
DUMWUG,1
SABWOL,1
LERHOJ,1
LUJBUN,1
QITQAP,1
ABIVUG,1
BIJLIT33,1
ASIPAU,1
DETXIK,1
IVIFID,1
BIJLIT39,1
GAQXOP,1
SORQAU,1
SODPUY,1
KAPYAC,1
OHIZIR,1
FANZUS,1
SAPYEQ,1
MUGDOK,1
POYGIV,1
QABQAN,1
QOPVUQ,1
ADUHOA,1
BENTUL,1
QIHJUQ,1
XUJBOX,1
VABXOQ,1
YOTSAC,1
IHUXAK,1
BIJLIT11,1
SEWRAO,1
YARMUC,1
DASTAW,1
SOPKER,1
AHUCIT,1
VIRZOO,1
VUHDEH,1
ECIKUX,1
OCANAH,1
OMIJAX,1
UBIBOZ,1
PUTFEP,1
NEQWEP,1
TUSPIG,1
WOGFOR,1
JEGPAP,1
OLAZOQ,1
GIJPEU,1
YASWAR,1
CRWNUR10,1
SILCID,1
CAMMIP,1
MAVXUG,1
TUQZAH,1
DOWCOL,1
TIBKAQ,1
BIJLIT54,1
MANLOG,1
FEYWEP,1
CELKUZ,1
JAFSOC,1
FESLAR,1
CIGRUJ,1
OTUGOC,1
ZIPYOM,1
VOYREK,1
DELJEM,1
GUJLEE,1
WENFUR,1
FUVNUJ,1
VIZMIE,1
TAFZEG,1
IDIMAJ,1
WAFHIV,1
PELCAK,1
PAKREB,1
KOFDAN,1
SELXOX,1
LATYOU,1
YITZIK,1
GAQXIJ,1
QABTIZ,1
LENPAW,1
BUBPIY,1
RIWZOP,1
DUPBIC,1
LOCJEW,1
XAPVOZ,1
UPENEK,1
XIYVOU,1
OFOHIC,1
VAMNIJ,1
VISKOY,1
QARJEC,1
CESWAC,1
DESFAM,1
ACOHOP,1
FITTUA,1
KACQAH,1
QUQWAD01,1
BANQUG,1
HOXOCD04,1
DUPBUO,1
ZICJOK01,1
ZAGPEG,1
FIRXOT10,1
PUKYIE,1
SIJTIR,1
LAZQEM,1
VUCTUI,1
YODMIR,1
FUTXIE,1
NABGAB,1
LERTUB,1
UXOYUD,1
HOLYEM,1
OMASUU,1
BIJWAS07,1
LAMVOL,1
YUYGEG,1
NEYBOI,1
XITDIN,1
IWARUW,1
UMOFAH,1
FAPLOY,1
VIGQOS,1
VAWYEA,1
LAYHAV,1
JOFGUJ,1
MAVWIT,1
WAMKIH,1
HEYTUD,1
UZOTUB,1
GAQWAA,1
MNPOCB01,1
SEFDIT,1
HUTTAT,1
OCEHIN,1
MULZEZ,1
XUHBEL,1
BANHAB,1
EQABUW,1
NORWAV,1
DEFFUT,1
COSQIL,1
AKEFOO,1
ONIZIV,1
FAYVOU,1
HAHBUR,1
JOVQUG,1
IFOZIQ,1
ICACOH,1
FARMUK,1
EGUPII,1
TOWBUG,1
FUWBEG,1
INAFIM,1
CESWEG,1
FOKTUY,1
WAPVIW,1
JAKLUF,1
LOFVAE,1
UXELIV,1
IPATIE,1
CAMVUK,1
QACCII,1
NIWDII,1
JIXPEO,1
FIMZAD,1
ZESHEO,1
QUGJEJ,1
UTUKEC,1
GIVLOO,1
ALADAT,1
LEFXOK,1
KOVKAL,1
JIHTEZ,1
MAPWUZ,1
AYOROV,1
BUBDIO,1
BOHHIR,1
LEWLEF,1
CUVPES,1
VAMGEY,1
SOQBEF,1
FASLER,1
WILLEI,1
DUCKAP,1
PEZBII,1
WOGHIN,1
XECMIF,1
YEYPOJ,1
XOBWES01,1
NENCAL,1
POMHEG,1
NIKHEW,1
KODWAB,1
UMOMAO,1
ZASRUJ,1
PAZFAZ,1
KETVIR,1
KAGSEQ,1
SOBWAL,1
LIRZUK,1
ATUGON,1
FOZXEB,1
ADOGIK02,1
QAPGIY,1
DIXNOP,1
RIPKUX,1
UQUXEL,1
VIWNEU,1
QUHSAP,1
TIKHUR,1
IWARAC,1
HOXOCD,1
ZAJHIF,1
LETPIM,1
DETKUJ,1
QUKRIZ,1
DIYFIC,1
XIYLOK,1
ODEWUS,1
BOGRAR,1
UTUKIG,1
KUWBAI,1
ECICOI,1
SAVYEX,1
FUVZUT,1
ZOWGIF,1
HUTSOG,1
COQSOR,1
BARDEH,1
AKEBEZ,1
UBAKER,1
ARENIW,1
LOHXIP,1
ZEYJAS,1
FAFFUR,1
ADISAL,1
WOYKOO,1
BIJLIT08,1
XEDTEF,1
PESRUE,1
QOGGAW,1
ZAYDAI,1
WAMVAI,1
CESWUW,1
XIGBIC01,1
EKUZAP,1
LAFRIW,1
QENFEU,1
JUBWOW,1
JUCBUH,1
VUWPOU,1
MINCOF,1
KOLHEC,1
HIQVOS,1
HENPIA,1
ILUJAC,1
HEHZEZ,1
IQOBOH,1
DIMKIX,1
OPONIR,1
COGZIJ,1
DASNAN,1
AMEJEJ,1
HOZXED,1
VUGTUO,1
FOLDIV,1
KEKYAE,1
YAJWIQ,1
XESLOX,1
ANISAS,1
ALEJEK,1
OHIZUD,1
HIQZIU,1
LAYGOI,1
XEMQUD,1
XUZFAB01,1
DIVSUZ,1
BIJLUF32,1
JUVPAU,1
OSIYOG,1
GAZXEM,1
MUWYIQ,1
KOTZEY,1
NURJEP01,1
SURYOT,1
DUFTIK,1
TUDJUA,1
TIMCID,1
MEVYUH,1
VOBXOZ,1
UZIJUL01,1
YOXTAI,1
DOJZAE,1
YILBED,1
UMAROS,1
QUCZIA,1
DIRNIB,1
PECWIH,1
VOPXOO,1
QEXROB,1
BOGWAX,1
VUNHIZ,1
VIDLUR,1
WAHLUN,1
LICBAD,1
IFIKOY,1
FUXWUS,1
NAPXOV,1
SAGWEE,1
WANXIT,1
DAXHOC,1
GEJPES,1
CAYKAP,1
GIZMIO,1
TIQKEK,1
AHUDIU,1
CAZBEN,1
RUQCOY,1
QOVFOY,1
POQMOB,1
EHOTOM01,1
SUJWAZ,1
EGIQEU,1
OGUSIV,1
XIWJAS,1
WURVOV,1
KOQVUL,1
ZESHUE,1
OLEGUH,1
TIMCEZ,1
ASAXEA,1
NAJFIQ,1
AHEWIV,1
RAQBUK,1
AVUPIT01,1
SEYXAW,1
LUFGEZ,1
JINWUZ,1
JUCCOC,1
GIMJOD,1
RUYXUE,1
XAWVEZ,1
DOZZAV,1
ZIQMEU,1
PINHEB,1
WARNEM,1
LOZNOD,1
SELXAJ,1
VUGMEP,1
AQITOM,1
FANHUY,1
BICBIB,1
ILUHII,1
BAHTAH,1
ZOLTUP,1
PUYMUV,1
LEXTOZ,1
LOYJOC,1
BIJLIT16,1
AQIVII,1
GOZZOM,1
KAZDIZ,1
GIVDOF,1
OYERUG,1
WUPXAI,1
PUGTOD,1
SISFIN,1
LAKGUB,1
DEQSOK,1
ICUGEW,1
QAGJOB,1
HUYKUK,1
WENFIF,1
WERSEV,1
CADFEV,1
YICMEE,1
QAKVED01,1
EZEYAJ,1
VONROF,1
AVAWID,1
XIWVEI22,1
BEYDIS,1
NABVIW,1
SABVUQ,1
FIQRAC05,1
QABMAK,1
ACICOE,1
NEDPIX,1
YUDNOA,1
IGEKIS,1
YIWFUI,1
VIRXAV,1
IDEBAU,1
DCHXCT01,1
WETWOI,1
JUDMEA,1
MUTKOF,1
PUZDOH,1
VETQOE,1
FEQYOQ,1
LENWIN,1
ESIHIZ,1
LOLNUY,1
DOXPUE,1
BIXGOH,1
RUBLIN,1
MIPWAK,1
TUDQIW,1
ITIVOZ,1
VAYLUF,1
LEQXIP,1
HITFAU,1
CIZPUW,1
HBTOXC02,1
PIMTAK,1
GEFHAC,1
JEJVEA,1
DAKMIM,1
ABAKUK,0
ABAPEC,0
ABECOC,0
ABEFET,0
ABEMUP,0
ABODOL,0
ABOQUF,0
ABUMOC,0
ABUMOZ06,0
ABUSIC,0
ABUVEY,0
ACANIL02,0
ACAXIN,0
ACAYUY,0
ACETAD,0
ACETYL07,0
ACIHEB01,0
ACRDIN08,0
ACURAT,0
ADETAE,0
ADIGED,0
ADIKAC,0
ADISAI,0
ADIYEU,0
ADUTAY05,0
AFAYOW,0
AFEGIF,0
AFENUV,0
AFICOK,0
AFIZAT,0
AFOKAL,0
AFOXAY,1
AFUDEL13,0
AFUGAN,0
AGANIH,0
AGANUU,0
AGERAH,0
AHIKOS,0
AHIVIA,0
AHORAT,0
AHOVEY,0
AHOWUR,0
AHUKAT,0
AHUTUS,0
AJAHUQ,0
AJAMON,0
AJAPIN,0
AJERIR01,0
AJIDIJ,0
AJOZAE,1
AJUMUO,0
AJUMUR,0
AJUVEI,0
AKALIJ,0
AKAXAL,0
AKEQOX,0
AKUPOO,0
AKUZAI,0
AKUZIT,0
ALANEH,0
ALAZOF,0
ALIVUM,0
ALIYUR,0
ALOKIW,1
ALOREA,0
ALOYOS,0
ALUQED,0
AMBACO12,0
AMEBEC,0
AMEDUU,0
AMEZIF,0
AMITEW,0
AMPCPL11,0
AMULUT,0
ANAPOX,0
ANEVUM,0
ANIRUL,1
ANITUO,0
ANPQIM,0
ANUBES,0
ANUQUW,0
ANUXIT,0
ANUYOZ,0
APAXIA,0
APIWII,0
APOFES,0
APOMUO,0
APUMIJ,0
AQEGOV,0
AQEWOJ,0
AQOJUM,0
ARAJUY,0
ARBIMC10,0
AREGAG,0
AROCOC,0
AROZOW,0
ARUVOA02,0
ARUZOD01,0
ASATAR,0
ASIZIM,0
ATAJEL,0
ATEXOO01,0
ATIJOD,0
ATISEC,0
ATOHUO,0
AUTUMN,0
AVUYIC,0
AWAKIS01,0
AWAQAQ,0
AWEWAB01,0
AWIHOE07,0
AWITOP,1
AWOYES,0
AWUKIO,0
AWUMEL,0
AWUSOA,0
AWUYIB01,0
AXAKUI,0
AXOSOW,0
AXUYOJ01,0
AYAHOA,0
AYAQOH,0
AYASEY,0
AYAWIG,1
AYENAU,0
AYIFET,0
AYOGIE,0
AYUCON,0
AZEMOH01,0
AZENAW,0
AZEPAY,0
AZEPEB,0
AZEPED,0
AZESII01,0
AZEZOU,0
AZOBEN04,0
AZOJEH,0
AZOKAB,0
AZONIN,0
AZOTUH,0
AZUCEF,0
BACKOG,1
BACRUT,0
BACVEL,0
BAFGUL01,0
BAFNUV,0
BAFSAH,0
BAGPIK,0
BAGTOU,0
BAGTUD,0
BAGYAL,0
BAHBER,0
BAHPAC,0
BAHWUG,0
BAKPAE,0
BAKPAE04,0
BAKWAL10,0
BALQAJ,0
BALYAP,0
BAMZUM,0
BANDEB,0
BANQUD,0
BAQBEA01,0
BAQYOI,0
BARSUJ,0
BASCIK,0
BASYIE,1
BATLIV,0
BATWID,0
BAVZUU,0
BAWPEX,1
BAWQEZ,0
BAXDIN,0
BAXMAS,0
BAYWAC,0
BAZBUC,1
BAZFUH,0
BAZVAD,0
BEBKID,0
BECCOF,0
BECLII,0
BEDBOB,0
BEDJAX,0
BEDYOC,0
BEGJUU,0
BEGKIJ,0
BEGLIK,0
BEHYOD,0
BENGAF,0
BENMOW10,0
BENRAP,0
BEPTOF02,0
BEQXAW,0
BERJOX,0
BERPUJ,0
BESCUA,0
BESKIW,0
BETXEG01,0
BEVBOU,0
BEVKOE,0
BEVLUN,0
BEXDAN,0
BEXLIB,0
BEYMIB10,0
BEZJAT,0
BEZRUV,0
BIBPUZ,0
BIBXAO,0
BICCIZ17,0
BICFOL,0
BIDKOO,0
BIDVUH,0
BIGMIQ,0
BIGSUF01,0
BIHWAR,0
BIJLOX,0
BIJROF,0
BIJXAX,0
BILDIN,0
BILTOJ,0
BILZUR,0
BIMQEX,0
BINZUV,0
BIQKIY,0
BIQKOE,0
BIRXIN06,0
BISLAS,0
BISLOE,0
BISXUZ,0
BIWBIV,0
BIXLUS,0
BIXQAD,0
BIYFOG,0
BIYMAB01,0
BIZPEF,0
BLONGF,0
BOCLUD,0
BODDOO,0
BODSIZ,0
BOFHAJ,0
BOFLUG,0
BOFWIC,0
BOGTOH,0
BOGYUU,0
BOHGOW,0
BOHMIX,0
BOJSAU10,0
BOLQAY,0
BOLVOR,0
BONKOE13,0
BONKOE17,0
BONSII,0
BONXEJ,0
BOPDAP,0
BOPJEX,0
BOPSEF01,0
BOSSIO,0
BOTMUV,0
BOTWOY,0
BOWLAB,0
BOWPEJ,1
BOXGEC,0
BOXHIJ01,0
BOYCOK,0
BOYKUV,0
BOYQAJ,0
BOZBEY01,0
BOZXUK,0
BPHENO19,0
BPTTAZ,0
BRASAC12,0
BRMPYR,0
BRUCLB,0
BRZPHX,0
BSETCN,0
BUAMPI,0
BUBMUK,0
BUBNIW,0
BUBPUN,0
BUCHUE,0
BUFHOA,0
BUFNOH,0
BUFREC,0
BUGJAP,0
BUJVUZ,0
BUKFAS,0
BUKQUX,0
BUKRUX,0
BULCUG03,0
BULSAG,0
BULXEO,0
BUNHUN,0
BUSDIG33,0
BUSKEI,0
BUSLAD,0
BUTMOU,0
BUVKEJ01,0
BUVWUO,0
BUWJEI,0
BUXHOU,0
BUXNIV,0
BUZXED,0
BUZYIG,0
BZANIL02,0
BZHIQC,0
CABCUD06,0
CABCUD13,0
CACVUA,0
CADHIA,0
CADLOL,0
CAFBOA,0
CAGYIW,0
CAHPEJ,0
CAJJIK01,0
CAKSUG,0
CAKVAO,0
CALSOX,0
CALXAS,0
CALZAR,0
CAMBOK,0
CAMNUB,0
CANHIJ,0
CANMAH,0
CANQEP,0
CAPZEC01,0
CAQTOD,0
CASCIJ01,0
CAVNAO,0
CAVXOQ,0
CAWJOA,0
CAWKAM,1
CAWPEY,0
CAWXAB,0
CAXHEP,1
CAYNUL,0
CAYQOJ,0
CBMZPN35,0
CEBGOF05,0
CEBKAX,0
CEBKEZ07,0
CEBROS,1
CECKII,0
CECMAC,0
CECPIN,1
CECSUA01,0
CEDBIW,0
CEDGOK,0
CEDXUH,0
CEGBAT,0
CEGDAV,0
CEGGAY,0
CEGPAH01,0
CEHBID,0
CEHMUY01,0
CEKFIK,0
CEKLOW,0
CELBEA01,0
CELLAI,0
CEMSPC10,0
CENKUF,1
CENNOC,0
CENRUM,0
CEPFOW,0
CEPMUJ,0
CEQKER,0
CESCOV01,0
CETEAN10,0
CEWBUE,0
CEWFIV,0
CEWFOD,0
CEWTED10,0
CEWVUW,0
CEWZOV,0
CEXMUP,0
CEXWIO,0
CEZDUG,0
CEZGIY,0
CEZQII,0
CEZXEN,0
CHOLME03,0
CHOLSI02,0
CICROV,0
CICYOG,0
CIFDOO,0
CIFXEX,0
CIGWAQ,0
CIKGUC,0
CIKPAO,0
CILQOH,0
CILXAY,0
CIMROH,0
CINPEY,0
CIPRAV,0
CIPSIE,0
CIPTUU,0
CIQDOV,0
CIQGAM,0
CIRYAG,0
CIRYIM,0
CIRYUZ,0
CITQUS,0
CITRAC10,0
CITSOP05,0
CIVLOL,0
CIVTAG,0
CIWBOA,0
CIWGUL,0
CIXGIZ,0
CIXHOH,0
CLDZPB,0
CLMCHD10,0
COBROB,0
COCVAR,0
COCVAV,0
COCVIB,0
CODNAK,0
CODYAX,0
COFBIM,0
COGMUH,0
COGQAU,0
COGTEB,0
COHQUN,0
COJYUV,0
COKWAB,0
COLHUG,0
COLTEC,0
COQBET,0
COQNAX,0
COQWEL,0
COQXIQ,0
COTDEX,0
COTTUB,0
COWBAU,0
COWPUA,0
COWQOX01,0
COXKEI,0
COXZAS24,0
COYLAF,0
COZQIT,0
CRBAMP21,0
CTCLST,0
CUBPIZ,0
CUBQUO,0
CUBWUT,0
CUCPOJ,0
CUCZOR,0
CUDBEK,0
CUDDAH,0
CUDJEU01,0
CUDJOC,0
CUDKUK,0
CUFHES,0
CUFHIV,0
CUFSAB,0
CUGWOS,0
CUHHAS,0
CUHLEA,0
CUHZOY,0
CUJTAD,0
CUJZOZ,0
CUKNUU,0
CUMHEB,0
CUMPOS,0
CUMTAI,0
CUNMIL,0
CUNTAH,0
CURCIF,0
CURJEE,0
CURJIM,0
CURSUH,0
CURZAU,0
CUSXUL,0
CUTCUQ01,0
CUTKOT,0
CUTWUJ,0
CUVGOS,0
CUVMUF,0
CUWGIO,0
CUWLAH,0
CUWNOB,0
CUXHUZ03,0
CUYMES,0
CUZWEA,0
CYACAC02,0
CYSTEA,0
DACBOZ,0
DACHQO01,0
DACPUX,0
DACVIP,0
DADQOS01,0
DADTEM,0
DAFHUN,0
DAFRUC,0
DAGDIB,0
DAHMAA,1
DAHRIN,0
DAHRIQ,0
DAHYAP,0
DAJBAR,1
DAJBEY,0
DAJGIE,0
DAJPIR,0
DAJVUG01,1
DAKDEC,0
DALVOF,0
DAMQIT,0
DANJUX,0
DAQBUS,0
DARGAF,0
DASCUW,0
DATKOC,0
DAVTIH,0
DAWZUW01,0
DAXJEV,0
DAXSUQ10,0
DAZVIK,0
DAZXAE,0
DBOXEP12,0
DCDAZP,0
DCDHNQ01,0
DEBGOJ,0
DEBHIC,0
DECBUJ,0
DEFLEH,0
DEGDOL,0
DEGTAO,0
DEGTER,0
DEHLUY,0
DEHSAO,0
DEJNAJ,0
DEKYAV,0
DELCUW,0
DELDUU,0
DEMLIQ,0
DERGIR,0
DESKAR,0
DESNIZ,0
DETWOS,0
DEVLAU,0
DEXGUL,0
DEXMOJ,0
DEXVAE,0
DHNAPH05,0
DHTURC,0
DIBDOH,0
DICGUR,0
DICNIM01,0
DIDCEC,0
DIDRUD,0
DIGYUO,0
DIHFAF,0
DIHFUW,0
DIHWID,0
DIHWUN,0
DIJBON,0
DIJGUC,0
DIJSUM,1
DILYEC01,0
DIMNAN02,0
DINFIT,0
DINXUX,0
DINYEH,0
DIPHIT10,0
DIPXOP,0
DIRKUK,1
DIRQUU,0
DIRTUV,0
DISLUN,0
DISNAY,0
DITGAQ01,0
DITHEV,0
DITRIJ,0
DIVCOD,0
DIVGEX,0
DIVZIU,0
DIWHEA,0
DIYGUQ,0
DIYXUF,0
DIZNIK,0
DIZQEM,0
DLLEUC,0
DLSERN33,0
DLSERN37,0
DNPBUB,0
DOBFOS,0
DOBGEI,0
DOBXOK,0
DOCCUU,0
DODRIZ01,1
DOFCAF,0
DOHBUB,0
DOHYIM,0
DOJPID,0
DOJSAX,0
DOLFEP,1
DOMKID,0
DOMXIP,0
DOPDAO,0
DORCET,0
DORNIL,0
DORNUU,1
DORRUZ,0
DORVAL,0
DORWEP,0
DOTHOJ,0
DOTKAC,0
DOVLAD,0
DOXJEH,0
DOXLOT,0
DOYJUW,0
DOZBED,0
DOZBOL,0
DOZMOW,0
DOZYEX,0
DPMPAM,0
DSARHB01,0
DUCBAE01,0
DUFXIL,0
DUHKIC,0
DUHSOQ,0
DUHZIS,0
DUJJUP,0
DUJPII,0
DUJYEO,0
DUMHUQ,0
DUMQOS,0
DUMRAF,0
DUNMIJ,0
DUPBAS,0
DUPLIL,0
DUQRIT,0
DUQWET,0
DUQYUM,0
DURFUR,0
DUSMEK01,0
DUSNUD,0
DUTTOC,0
DUVBUS,0
DUVMAL,0
DUWFEJ,0
DUXDEH,0
DUXMOC,0
DUYLUF,0
DUZNAO01,0
DUZPOF,0
DUZSIE,0
DXTETC,0
EBAFAQ,0
EBALOM,0
EBENEF,0
EBEROT,0
EBETUB,0
EBIGAA,0
EBONAK,0
EBTCTS,0
ECADAO,0
ECEBOE,0
ECENAD,0
ECOLOA,0
ECUNOG,0
ECUYUA,0
EDALIG,0
EDAXOW,0
EDELUW,0
EDETUF01,0
EDIHAB,0
EDOBOR,0
EDOCEI,0
EDODEK,0
EDONAP,0
EDOWIE,0
EDUJIW,0
EFIREU,0
EFIXUP,0
EFONOE17,0
EFUFUI,0
EGAFUR,0
EGASIR,0
EGIHEK,0
EGIPOD,0
EGOMUJ,0
EHAKAZ,0
EHATAI,0
EHAYOF,0
EHETUG,0
EHOFEN,0
EHOWIH11,0
EHUBIS,1
EHUXIO,0
EJAWET,0
EJEJUY,0
EJOCEO,0
EJOKOF06,0
EJUHEA,0
EJUJUO,0
EKAGUS,0
EKAXOD15,0
EKEQOD,0
EKEROE,0
EKICOS,0
EKIWEA,0
EKUCAQ,0
EKUHEZ,1
EKUJUR,0
EKUREK,0
ELAHAE,0
ELAJIK,0
ELALUC,0
ELASIX,0
ELIWAB,0
ELOPOK02,0
ELOQAX,0
ELOQUT,0
EMABIE,0
EMEHIQ,0
EMIYEE,0
EMOLAV,0
EMOZEN,0
ENAPAK,0
ENIRAU,0
ENONIH,0
ENUGOK01,0
ENUJAB,0
EPADOR,0
EPOVIP,0
EPSPOX,0
EQACIK,0
EQASAR,0
EQOGAS,0
ERABAA01,0
ERAFAG,0
ERANEQ,0
EREMOG,0
EREREB,0
EREVIG,0
ERGYZN,0
ERIQOO,0
ERITAB,0
ERSTNA,0
ESEDAK20,0
ESIKOJ,0
ESIVOT,0
ESOPOU,0
ESOXUI,0
ESTDOL14,0
ESTRON11,0
ETANIY01,0
ETAVIF,0
ETBZIM03,0
ETDIAM19,0
ETIXEN,0
ETOHOM,0
ETOTIT02,0
ETOXUG,0
EVEFES,0
EVETIL,0
EVEWOU,0
EVILAZ,0
EVOLIL,0
EVOVOC,0
EVUBAA,0
EVUVEZ,0
EWAFEQ,0
EWELAU,0
EWEVIO,0
EWIKOM,0
EWILUR,0
EWOZAR,0
EXAKEU,0
EXAWUX,0
EXIJUR,0
EXINOQ,0
EXUQUJ12,0
EYENUS,0
EYITAH,0
EYIZER,0
EZACIR,0
EZEBES,0
EZIGEB,0
EZIYUJ,0
EZUNET,0
EZURUP,0
FABMAZ,0
FABRAD,0
FABWEO,0
FACFOI,0
FACYUG,0
FADHIB,0
FAFWUI,0
FAHFAV02,0
FALDED,1
FALDON,0
FALMIP,0
FAMBOK10,0
FAMCEF,0
FAMKIO,0
FAMXUM10,0
FAMXUN,0
FANDOQ,0
FANDOR,0
FAPDEJ,0
FASFUA,0
FATYOP,0
FATYUU,0
FAVYEK,0
FAWGAL,0
FAWKUN,0
FAWPAX,0
FAWRUU,0
FAXRII,0
FAXRIJ,0
FAYHOG,0
FAYWEH,0
FAZFOB,0
FBUOFA,0
FECVOZ,0
FEDWUJ,0
FEDXUK,0
FEFLIM,0
FEFLIO,0
FEFMOU,0
FEFRAM,0
FEFTET,0
FEGTUJ,0
FEGZOK,0
FEHNUC,0
FEJDUT,0
FEJJOT10,0
FEJMUE,0
FELGUB,0
FELNUI,0
FENMIV,0
FEPSEC,0
FEQXIJ,0
FEQYAC,0
FEQYIK,0
FERGIU,0
FERPUO,0
FERSEC,0
FESTOM01,0
FESYUB,0
FETVEG02,0
FETYIN,0
FEVFEV,0
FEVHEV,0
FEVLID,0
FEXFIY,0
FEXHOH,0
FEXXUD,0
FEYKUT,0
FIBDAY,0
FICWEU,0
FIFBOM,0
FIFKEM,0
FIGCUU,0
FIGDUW,0
FIHTAT,0
FIHXOJ,0
FILNIZ,0
FIMCUC,0
FIMTEB,0
FINHIX,0
FINJET,0
FIPBIR,0
FIPDIR,0
FIPDOX03,0
FIPYEM,0
FIQCUE,0
FIRVAH,0
FISKOK,0
FISNED01,0
FISVIM01,0
FITKAX,0
FIVBIX,0
FIVSUB,0
FIVTIR,0
FIWHUP,0
FIXCIY10,0
FIYBEV02,0
FIYPEI,0
FIYWUI,0
FIZDUP,0
FLUBIP02,0
FODJOB,0
FODNIW,0
FOFBUB,0
FOFSUR,0
FOFYOR,0
FOFZIL,0
FOJDIT,0
FOJRUV,0
FOKGAR06,0
FOKZEL01,0
FOLCOZ,0
FOMKAW,0
FOMPAZ,0
FOMYAJ,0
FONCAQ,0
FONCIV,0
FOPKOK,0
FOPMIG,0
FORHUP,0
FORSOY,1
FORZIZ,0
FOSMUY,0
FOTYAP,0
FOVBOJ02,0
FOVLIM,0
FOVPUE,0
FOVSUI,0
FOWCIG,0
FOWYEZ,0
FOYDOP,0
FOYJAH,0
FPRTOD10,0
FUBBOX,0
FUBWAD,0
FUDDUH,0
FUFLAT,0
FUGWIN,0
FUGXEL,0
FUHHUP,0
FUJJEA,0
FUJTOX,0
FULPEH01,0
FUMJIH,0
FUNJUV,0
FUNJUX,0
FUPQAJ,0
FUPQIS,0
FUQMUA,0
FURMOW,0
FURTOD,0
FUSLAI,0
FUTMUE,0
FUTPIX,0
FUVDOP01,0
FUVXOJ,0
FUWHEL,0
FUWLIT,0
FUXHEP,0
FUYBUA,0
FUYCUA,0
FUYKEP,0
FUYKIT,0
FUZKUH,0
GACLAA,0
GACSEN,0
GADCUN,0
GADWAM,0
GADWIV,0
GAFLUZ,0
GAGFIG,0
GAHCAY,0
GAHHIG,0
GAJHEJ,0
GAJMEO,1
GAJRIV,0
GAKTUL,0
GALBAW,0
GALSET,0
GAMVIA,0
GAMVUO,0
GANWUQ,0
GAPMEP,0
GAQVIH,0
GARFOW,0
GARPEU,0
GARQAV,0
GARZEG,0
GASKUH,0
GASXON,0
GATGAJ,0
GAVBUB,0
GAVMIC,0
GAYCAO,0
GAZDET,0
GAZLEB,0
GAZYEN,0
GEBMUV,1
GEBPOU,0
GECGIG,0
GECNIN,0
GEDCOJ,0
GEDFIH,1
GEDZUN01,0
GEFHUW,0
GEGDAX10,0
GEGYUN,0
GEJHOT,0
GEKSOG,0
GEPJUI,0
GEPRUP,0
GESTAB,0
GESVEJ,0
GETNUO,0
GEWTUA,0
GEXNEG,0
GEYTAJ,0
GEYWUF,0
GEZGOL,0
GEZROU,0
GEZWEQ,0
GIBQUG,0
GICJAH,0
GICPAM,0
GICXUP,0
GIDGEJ,0
GIFQOD,0
GIGHOT,0
GIHSOH,0
GIJTUR,0
GIJVOO,0
GIKBAH,0
GIKJOZ,0
GILDAH,1
GILLIY,0
GIMDAJ,0
GIMPIF01,0
GIMREA,0
GIMZUY,0
GINDUC,0
GINGOA,0
GINHOE,0
GIPHIZ,0
GIPKAV,0
GIPLIA,0
GIPTUW,0
GIQKEZ,0
GIQVAF01,0
GIQYUA01,0
GIRSAF,0
GIRVIP,0
GIRWIO,0
GIRYEM,0
GISWUE,0
GITRAG,0
GIWTAL,0
GIXDUO,0
GIXXEU,0
GIXZUM,0
GLURAC14,0
GLUSPT10,0
GLUTAM04,0
GOCJAK,0
GODWUT,0
GOFJIY,0
GOFVEF,0
GOHKAP,0
GOJDEQ,0
GOJKOJ,0
GOJLEZ,0
GOJZEL,0
GOLHIZ,0
GOMKEY,0
GOPNII,0
GOQCOI,0
GOQNOP,0
GOQSAK,0
GORVAO,0
GOTRIT,0
GOTTUH,0
GOVYAU,0
GOYVAU,0
GOYXOK,0
GOYYAX,0
GOYYOI,0
GOZJAJ,0
GRISFL08,0
GRISFL10,0
GUBJES,0
GUBXEK,0
GUCPAW,0
GUCZAF,0
GUDBUF,0
GUGGAQ,0
GUGLAZ,0
GUGNIJ,0
GUHBER,0
GUHBOA,0
GUHXEN,0
GUJDIB,0
GUJKUR,0
GUKPEH,0
GUKSEO,0
GUKVIR,0
GUMDEA,0
GUMFON,0
GUNDEC,0
GUNTUF,0
GUNVIV,0
GUNZOH,0
GUPJUW,0
GUQRUH,0
GUQSES,0
GURCED05,0
GURHOQ,1
GURJAF,0
GURMIT,0
GUSMAM,1
GUSWUM,0
GUTBAA,0
GUTBII01,0
GUTBOQ,0
GUTGAD,0
GUTTIC,0
GUTZEA,0
GUVTIA,0
GUYGEP,0
GUYJOC01,0
GUYZOS01,0
GUZYAD,0
HABYIS,1
HACTPH21,0
HADMEI,0
HADQEM,0
HAFBOJ,0
HAGVER,1
HAGXOF,0
HAGZEX,0
HAJJOR,0
HALBOM,1
HAMDUW02,0
HAMRIA,0
HANLIU,0
HAPSIE,0
HAQHIT,0
HAQNEW,0
HARCOU,0
HARHER,0
HASFEP,0
HASWUV,0
HATDEO,0
HATLIB,0
HAVGEU,0
HAVHAO,0
HAWJAU,0
HAXHET04,0
HAXPIF01,0
HAYPOM,0
HAYTIO,0
HAZMEC,1
HEBHOM,0
HEBKUX,0
HEBKUY,0
HEBYEW,0
HECDEB,0
HECLAF,0
HEDDAY,0
HEDFUU,0
HEGNOZ,0
HEGVAT,0
HEGWAU,0
HEGZIG,0
HEJHEN,0
HEKTAS,0
HEKWAV,0
HEKXOO,0
HELTEX,0
HEPFER,0
HEPNAU,0
HEPZEL,0
HEQKUM01,0
HERBUE,0
HERLEW,0
HERLUO,0
HERPIH,0
HERPUS,0
HESGIV,0
HESHIX,0
HETCAK,0
HETNAY,0
HEVDOC,0
HEVHUL,0
HEVPOQ,0
HEVQAB,0
HEVREI,0
HEVYUC,1
HEWBOD,0
HEWCER,0
HEWHIC,0
HEXHEL04,0
HEXQUW,0
HEYMUW,0
HEYYIX,0
HEZBUJ,0
HEZPEL,0
HEZQIN02,0
HEZVOX,0
HIBCII,0
HIBDIJ,0
HIBGUV02,0
HICGOR,0
HIDHEI,0
HIDQOA,0
HIDQOB,0
HIGPOF,0
HIGWON,0
HIHRUO,0
HIJKAM,0
HIKHAK,0
HIKVIJ,0
HILVUV,0
HILZUX,0
HIMQIE01,0
HIMRON,0
HIMSAB,0
HINNEZ,0
HINSAY,0
HINSUS,0
HINVOT,0
HIPWEK,0
HIQNED,1
HIQSOP,0
HIRKEZ,0
HIRMIF,0
HIRNIH,0
HIRSAF,1
HISPAD,0
HITHEZ,0
HIVFEZ,0
HIVZUL,0
HIWBAT,0
HIWWIU,0
HIXBIC,0
HIXLEH,1
HIXMOQ,0
HIYDAU,0
HIYKOP01,0
HIYLIN,0
HIZREQ,0
HIZRIT,0
HIZRUG,0
HIZTEQ,0
HIZXUJ,0
HMBENZ18,0
HMTHNQ10,0
HOCLUG,0
HODBIP,0
HODFAI,0
HODTUQ01,0
HOFKEU,0
HOFKIA,0
HOFLEV,0
HOFVED01,0
HOFVEG,0
HOFWIM,0
HOFXOS,0
HOGBUD12,0
HOGGUJ,0
HOHJAT,0
HOHLEV01,0
HOHXAE,0
HOKLID,0
HOLWIP,0
HOLXAJ,0
HOMBOC,0
HOMCAR,0
HOMCUH,0
HOMLOK,1
HOMVEO,0
HONBUJ,0
HONMEG,0
HONWOZ,1
HOPDEW,0
HORCUQ,0
HORGAW,0
HOSCAU,0
HOSMUX,0
HOSRAL,0
HOTFEC,0
HOTHOP,0
HOTLEL,0
HOTXIB,0
HOVDUV,0
HOVROA,0
HOXXOI,0
HOYFUZ,0
HOYTAR,0
HOZYED,0
HQUACN17,0
HTZPDZ10,0
HUBJIB,0
HUBSEF,0
HUBTUT,0
HUCCEN,0
HUCCIV,0
HUCGEV,0
HUCGUK,0
HUCKUN,1
HUCREG,0
HUDLAX,0
HUDWUZ,0
HUFCUH,0
HUFQIJ,0
HUFRUV,0
HUGNON,0
HUGPAE,0
HUGXOY,0
HUKLAE,0
HUKLEE,0
HUKLOP,0
HUMSEN01,0
HUMVAN,0
HUMWES01,1
HUMXAS01,0
HUNYUO,0
HUQCOM,0
HUQVIB,0
HURXID,0
HUSPES,0
HUSSIB,0
HUSSUJ,0
HUSXUO10,0
HUVKUF,0
HUVZOP,0
HUWHAL,0
HUWQIC,0
HUXDUD,0
HUZMAS,0
HUZMAU12,1
IBAQUB,0
IBEHUS,0
IBETAK01,0
IBEXIA,0
IBIGIN,0
IBIZEB,0
IBOGUF01,0
IBOZAE,0
IBPRAC08,0
IBUXUZ,0
IBZDAC13,0
ICAJUR,0
ICENEJ01,0
ICIKEM,0
ICIRAP,0
IDANEH,0
IDAPAI,0
IDAWOC,0
IDECEA,0
IDIHUC,0
IDOTAY,0
IDOWII,0
IDUKAU,0
IDUPUU,0
IDUWUA,0
IFENOA,0
IFICIN,0
IFUDUL,0
IFUHAV,0
IFUROR,0
IGACAV,0
IGAVOC,0
IGAZID,0
IGEDIJ,0
IGOQAW,0
IGUBOC,0
IGUNED,0
IGUNOP,0
IGUXOB,0
IGUZOZ,0
IHABAU,0
IHASIV,0
IHEHOW,0
IHUGOJ,0
IHUNUV,0
IJANIR,1
IJATUK03,0
IJAXOK,0
IJETIC,0
IJIRAX,0
IJIZAC,0
IJOCOC,0
IJUHAX,0
IJUTEP,0
IKACAB,0
IKIFIT,0
IKIHIW,0
IKIKEW,0
IKIQAV,0
ILAGUZ,0
ILAVUP,0
ILAZAZ,0
ILEMIY,0
ILEMUL,0
ILIMEV02,0
ILOHOI,0
ILOXEO,0
ILUCOJ,0
IMAGUA,0
IMAZOL21,0
IMOFAU,0
INECOU,0
INICIU,0
INIXAF,1
INIXOU,0
INOZOD,0
IPAGEN,0
IPAQEW,0
IPIREH,0
IPORAG01,1
IPOREM,0
IPSULF,0
IQAHAJ,0
IQAJER,0
IQAPUN,0
IQAREY01,0
IQEBAJ01,0
IQECOZ,0
IQENEY,0
IQEQIG,0
IQIYEP,0
IQIYOY,0
IQOQUB,0
IQUZIG,0
IRAJES,0
IRATED,0
IROSEN,0
IROWEU,0
IROZEW,0
ISAYEH01,0
ISOATS01,0
ISURUL,0
ITACIS02,0
ITATUV,0
ITAWAE,0
ITEWOT,0
ITEZEP,0
ITIWIT,0
ITOBEA,0
ITOYOG,0
ITUBIK,0
ITUSAU,0
ITUZEE,0
IVABIQ,0
IVOQES,0
IVUGAI,0
IVUJUE,0
IWAJOH04,0
IWAXAH,0
IWEBUJ,0
IWEFIC,0
IWEQUX,0
IWONAM,0
IXABEQ,0
IXAFOE,0
IXAXOW,0
IXELAY,0
IXOTOF,0
IYEFOK,0
IYEWER,0
IYUMUL,0
IYUPEX,0
IZEFAU,0
IZINIQ,0
IZOBII,0
IZONOB,0
IZUWIM,0
JABCAT,0
JABQUC,0
JACFEZ,0
JAGCED,0
JAGJAG,0
JAGLUB,0
JAHKOS,0
JAJNUE,0
JAKHIQ,0
JALDEJ,0
JALGIQ01,0
JALGUB01,0
JALSAT,0
JANTUQ,0
JAPBIL,0
JAPNAQ,0
JAQJER,0
JAQNOF,0
JAQYOS,0
JARCUD,0
JARTII,0
JASHAN,0
JATJUN,0
JATKUK,0
JAVROR,0
JAWTOT,0
JAWXIP,0
JAYNUS,0
JAZBOC02,0
JAZSOV01,0
JAZTOW,0
JEBQUG,0
JECMIR,0
JEDBUQ,0
JEGZEB,0
JEJQIB,0
JEKBUW,0
JEKFUB,0
JEKHIR,0
JEKKEQ,0
JEKPOH,0
JEKQEW,0
JELNEU,0
JEMMIY,0
JEMTOL,0
JEMVOQ,0
JEMWIK01,0
JEPLAS,0
JEQQEF,0
JEQSUW,0
JEQWOS,0
JESTUX,0
JETJEA,0
JETYEN,0
JEVFEZ,0
JEVJUS,0
JEVRAE,0
JEXMEH,0
JEYLOR,0
JICNAO,0
JICSIB,0
JIDYOO,0
JIFBOT,0
JIFXOP,0
JIFYUW,0
JILBAL,0
JILTUT,0
JIMTII,0
JIMXIQ,0
JIMZIR,0
JINYAK,0
JIPZUG01,0
JIQCAN01,0
JIQRIO,0
JIRVIT,0
JISFAS,0
JISSEM01,0
JITXUG,0
JIVLIJ,0
JIVTAM,0
JIVYEV,0
JIXMIN,0
JIXTOA,0
JIYLOW,0
JIYPAI,0
JIYWUL,0
JIYXOH,0
JIZJEH02,0
JOCMIY,0
JOCQEB,0
JOCQOL,0
JOCRIC01,1
JOCYIN,0
JODRIE03,0
JOFBAH,0
JOHFIV,0
JOHHIA,0
JOHPAA,1
JOHYEK,0
JOHYEM,0
JOJGIB,0
JOKKOK,0
JOKMAY,0
JOKQAD,0
JOMHOL,0
JORYEU,0
JOSFEF,0
JOTLIN,0
JOWDAE,0
JOWHUB,0
JOWWUQ,0
JUBDET,0
JUBFIZ,0
JUBFUJ,0
JUBMAY,0
JUDGOG,0
JUFJUR,0
JUHPUX,1
JUJQAK,0
JUJSEQ,0
JUMCUT,0
JUMTOC,0
JUPBOP,0
JUQGIL,0
JURSAU,0
JUSVEB,0
JUSVEC,0
JUTGOX,0
JUTHEO,0
JUTSAU,0
JUWSEC,0
JUZHOF,0
JUZRON,0
KABDUP,0
KABFEA,0
KABNAF,0
KABWUF,0
KADDAY,0
KADPIO,0
KAFJAG,0
KAFSIX,0
KAFZAS,0
KAGBEE,0
KAGGOR,0
KAGMOU,0
KAGZUS,0
KAHSET,0
KAHVIC,0
KAHYIG,0
KAJROD,0
KAKFOV,0
KAKVEB,0
KALMAN,0
KALREV,0
KAMKUI,1
KAMYIG,0
KANGUD,1
KANZEE,0
KAPYEF,0
KAQSIG,0
KATDOZ,0
KAXMEC,0
KAYGAU,0
KAYGID,0
KAYPUZ,0
KAZJOK,0
KEBJAG,0
KEBKIP,0
KECHEJ,0
KECYBU12,0
KEDPIT,0
KEDXID,0
KEFHAI,0
KEGKIT01,0
KEHFAH,0
KEHGEM,0
KEHLOC,0
KEHWAX,0
KEJHOA,0
KEJHOZ,0
KEKHEO,0
KEKYUV,0
KELBIQ,0
KELCAH,0
KEMJAN,0
KEMJUK,0
KENSUV,0
KERYEL,0
KESHOJ,0
KESTIL,0
KETREG,0
KEVQOU,0
KEVZIY,0
KEWWIT,0
KEYMAD,0
KEZCUQ,0
KEZHUU,0
KEZJOP,0
KEZZIC,0
KIBMOB,0
KICYAZ,0
KIDNIX,0
KIFQAS,0
KIFQID,0
KIGVAY,0
KIHLAP,1
KIHZOR,0
KIJLEX,0
KIJRII,0
KIKXAD,0
KILYOW,0
KIMRIL,0
KINVIQ,0
KISHOK,0
KIVBAS,0
KIXMUA,0
KIYFAZ,0
KIYXEW,0
KIZKIO,0
KIZQOA,0
KOBBEK,0
KOBCEM,0
KOCCIS,0
KODRAA,1
KOFGOD,0
KOFGUI,0
KOFKOG,0
KOFYUD,0
KOGDUF,0
KOJJUO,0
KOKNIJ,0
KOLKOM,0
KOLPUA03,0
KOMJUU,0
KOMQUA,0
KONQEJ,0
KOPGAZ,0
KOQTIW,0
KORFAY,0
KOSNAK,0
KOSNOY,0
KOTRIX,0
KOVCOQ,0
KOWLIR,0
KOXBII,0
KOXXAY,0
KOYYOO,0
KUBFAS,0
KUCCOD,0
KUCQOQ,0
KUDFEW03,0
KUDREK,0
KUDTOW,0
KUFPIN,0
KUHJEE,1
KUHQEN,0
KUHYAQ,0
KUKLIM,0
KULPUE,0
KUMTIX,0
KUMZOJ,0
KUNLOY,0
KUNVAU,0
KUQMUI,0
KUQQUK,0
KUSDEL,0
KUSGIO,0
KUSKEP,0
KUTRIA,0
KUVFOZ,0
KUVJAN,0
KUVMEU,0
KUWDEO,0
KUWZAF,0
KUXGAO01,0
KUZZOX,0
LABBAW,0
LABQEK,0
LABSEM83,0
LABZOE,0
LACRIQ,0
LACRUC,0
LADKIK,0
LAFCOK,0
LAGHUX,0
LAGQAQ,0
LAGTUL,0
LAGWOH,0
LAGYUO,0
LAJDEH,1
LAJLOA,0
LALNIN56,0
LALNIN81,0
LAMFAI,0
LAMQAS,0
LANKOD,0
LANTAY,0
LANVAZ,0
LAPLAR01,0
LAPLUJ,0
LAQCAI,0
LAQGIV,0
LARDIV,0
LARTUX,0
LASGAQ,0
LASXIN,0
LATCER01,1
LATCUG01,0
LATFAN,0
LATTOR01,0
LAVYUD,0
LAWJUR,0
LAXTAF,0
LAYZET,0
LAZFOL,0
LEBGEE03,0
LEBNUC,0
LECPIW,0
LEDBEC,0
LEDPIT,0
LEDRAN,0
LEFMUG,0
LEFPUI,0
LEFQUM,0
LEFZUT,1
LEGRIA01,0
LEGWAZ,0
LEGYON,0
LEHMAP,0
LEJRUQ,0
LEKHEO,0
LEKJOA,0
LELPUP,0
LENDOB08,0
LENNUP,1
LENVUX,0
LENXAF,0
LEPDOA,0
LEPQAZ,0
LESHAU,0
LESPIK,0
LESTOU,0
LETBIZ,0
LETGIA12,0
LETHID,0
LEVMIK,0
LEVVER,0
LEWZEU,0
LEYDEB,0
LEZXOE,0
LIBPOF,0
LIBWEB,0
LIBZII,0
LICCUZ,0
LIDJIS,1
LIGLEV,0
LIGPEZ,0
LIHJES,0
LIJKUL,0
LIJXAE03,0
LIKGOB,0
LIKQUT,0
LILSIM,0
LILYUD,0
LIMHEV,0
LIMTIN,0
LIMVUB,0
LIPDUN,0
LIQKEB,0
LIQQUY,0
LIRNOS,0
LIRWIU,0
LISFAV,0
LISYIZ,0
LIVSUI,0
LIWRIW,0
LIXFUT,0
LIXGII,0
LIXPOY,0
LIXQAL,0
LIYCEE,1
LIYGOS,0
LIZGEK,0
LIZJOW,0
LIZNEN,0
LIZXEY01,0
LOBFAL,0
LOCJET06,0
LOCNEZ,0
LOCQAX,0
LOCQEB,0
LOCXIN,0
LODGOE01,0
LODSIH,1
LOGGIB,0
LOGLAU,0
LOHGEW,0
LOHNIF,0
LOJSOV,0
LOKBES,0
LOKRAE,0
LOLGID,0
LOLJUR,0
LONTIT,0
LONVIU01,0
LONZAP,0
LOPCAY,0
LOPPEM,0
LOPRIV,0
LOPTOB,0
LOQBAY,0
LORMOV,0
LOSMOY,0
LOSNEO,0
LOSTEV,0
LOSVUN,0
LOVCIM,0
LOVNUF,0
LUCBIW,0
LUCMII,0
LUDCIZ,0
LUDPEG,0
LUFGOM,0
LUFSAI,0
LUGDOH,0
LUHZAT,0
LUMDAB,1
LUMKOX,0
LUMTAO,0
LUNPEP,0
LUNPOZ,0
LUNZEA,0
LUPNIU,0
LUPXIG,0
LUQQIB,0
LURVON,0
LUSPEU,0
LUSZUU,0
LUTGUG,0
LUVQEZ,0
LUXHES,0
MABTES,0
MACFOP,0
MACLIN,0
MADMAI,0
MADVOG,0
MAJKEQ,0
MAJTEX,0
MAKKAK,0
MAKREW,0
MALWIG,0
MAMRAX,0
MAMXUV,0
MANRUS,0
MAPPUQ,0
MARJEY01,0
MARQEF,0
MASCOY,0
MATBIV,0
MATPOQ,0
MATZBN,0
MAVGOG,0
MAWGUO,0
MAWZAO,0
MAXQAG,0
MAXWUF,0
MAYHON,0
MAYYIY,0
MAZBIC,0
MAZWUF,0
MAZZAP,0
MCBESA,0
MCPATR,0
MEBFOR,0
MEDCOP,0
MEDFUY,0
MEDMOZ,0
MEDPER,0
MEDXAW01,0
MEDZUT,0
MEGCAG,0
MEGDUZ,0
MEHLUI,0
MEHWOM,0
MEJZIL06,0
MEKWOO03,0
MEKZAE,0
MELFIT05,0
MELGIW,0
MELXAD,0
MELXEH,0
MEMLID,0
MEMYEJ,0
MENFEQ,0
MEQHUP,0
MEQPOO,0
MERROR,0
MERVEO,0
MESXIU,0
METURA20,0
MEVDUQ05,0
MEVLEI02,0
MEYKOQ,0
MEYLUA,0
MEYQAM,0
MEYREP,0
MEZJIM,0
MIBPOD,0
MIBTOJ,0
MICJAL,0
MICLAL,0
MIGZIN02,0
MIJXAG,0
MILQAD,0
MIMMUU,0
MINGEZ01,0
MINHUP,0
MINQAE,0
MIQJAB,0
MISTAN,0
MISYIW02,0
MITTIT,0
MIVZEA,0
MIWXAU,0
MIXFOQ,0
MIYBON,0
MIYXAW,0
MIZQES,0
MOCBAH,0
MOCNOH,0
MODCOB,0
MODKOF,0
MODTOP,0
MOGCAO01,0
MOGHUN,0
MOJCIY,0
MOKJIJ,0
MOKTOZ,0
MOLFAV,1
MONHIK,0
MONNEJ,0
MOPHUU,0
MOPPEM,0
MOPPUC01,0
MOQHOQ,0
MORYAX,0
MOSVOJ,0
MOWPIA,1
MOXHAJ,0
MOXVIG,0
MOXYEG,0
MOYPOH,1
MOZZUX,0
MPTMCH01,0
MSILTR03,0
MTSITH,0
MTYHFB02,0
MTYROS01,0
MUBNUV,0
MUBQUZ,0
MUCBER,0
MUCDEU,0
MUDNEH,0
MUDSIQ,0
MUFBOE01,0
MUGRIT,0
MUGTOA,0
MUHCOH,0
MUHCUN,0
MUHLUX,0
MUKBUS,0
MUKMAI,1
MULBUS,0
MUMPUH,0
MUNCAA,0
MUNVUP,0
MUNZON,0
MUPFAI,0
MUPNUG,0
MUSHUG,0
MUSQIB,0
MUTGIV,0
MUWSUV,0
MUYBER,0
MUYVUX,0
MUZQAD,0
MUZRUX,0
MXIMQX,0
NACCID,0
NACDAY,0
NADGIK,0
NADYUM,0
NAFMAN,0
NAFMIU,0
NAFPUI,1
NAGSAP,0
NAGTUN,0
NAHWOK01,0
NAJVOO,0
NAKCUA,0
NAKKIW,0
NALGIU,0
NALTAV,0
NAMKES,0
NAMPOH,0
NAMVAB,1
NAMZAE,0
NANLOG,0
NAPDCX,0
NARSAC,0
NASSEJ,0
NAWRUZ,0
NAWTUE05,0
NAXCIC,0
NAYSEO,0
NAZVES,0
NBZMAA,0
NEBFOS,0
NEBTAR,0
NEBWEA,0
NECBIH,0
NECYAX,0
NEDLUH,0
NEDXAW,0
NEFCEK,0
NEFNOD,0
NEGJUH,0
NEGKIV,0
NEGLOE,0
NEHCOV,0
NEHNUN,0
NEJHUG,0
NEJPOJ,0
NEKPAU,0
NEKVUY02,0
NELFOC,0
NELQAW,0
NELQEB,0
NEMBEN,0
NEMJIB,0
NENJEW,0
NENZAJ01,0
NETJUR09,0
NEVYIX,0
NEWCIC,0
NEWLEG,0
NEZGIM,0
NEZKIP,0
NEZRAL,0
NIDYOP,0
NIFFIV,0
NIGXAD,0
NIGZUA,0
NIHDAK,0
NIJLAU,0
NIJMOJ,0
NIJPIH,0
NILZOX,0
NILZUD,0
NIMBUK,0
NIMRIK07,0
NIMXAM,0
NINTIQ,0
NINZAN,0
NIPCOT,0
NIPGOL,0
NIPQEM,0
NIQNOR,0
NIRKAD,0
NIRNUA,0
NIRNUY,0
NISCAU,0
NITXIA,0
NIVFEG,0
NIVMAH,0
NIVWEX,0
NIWPAO,0
NIXPIT,0
NIYHEL,0
NIZBII,0
NIZFIN,0
NIZKIR,0
NIZNER,0
NOBRON,0
NOCLIE,0
NODBOY,0
NODGIY,0
NODRIK,0
NOFMOK,0
NOGHUM,0
NOGJOI,0
NOGXOA,0
NOHCOD,0
NOHMIK,0
NOHPOS,0
NOKQOW,0
NOLBOI,0
NOLXOC,0
NOMQEO,0
NOMTOB,0
NOPLEK,0
NORQUJ,0
NOTMIV,0
NOTQUK,0
NOVGAJ,0
NOXGEO,0
NOXHOZ,0
NOXSIG06,0
NOYDEM,0
NOZZEL,0
NPOFNP18,0
NPSELE10,0
NUCYAP,0
NUDZOF,0
NUFJAD,0
NUFRAK,0
NUGLUW,0
NUGQEN01,0
NUGYEW,0
NUHTET,0
NUHVAQ,0
NUJLUA,0
NULNOY,0
NULVEW,0
NUMHEL,0
NUMRAP,0
NUMWID,0
NUNLEN,0
NUNWOM,0
NUPPIZ,0
NUPTOJ,0
NUQHEO01,0
NUQVUS,0
NURFAH01,0
NURKUI,0
NUSCUC,0
NUTSAW,0
NUVKUM,0
NUVTUV,0
NUWZIS01,0
NUYGOD,0
NUYYIS,0
OBELUG,0
OBOZEM,0
OBUBAQ,0
OBUDIY,0
OBUXAM,0
OBUZEU,0
OCATER01,0
OCAXAU,0
OCAXUN,0
OCAZOI,0
OCEDAC,0
OCESEY,0
OCETAR01,0
OCHTET52,0
OCMETD02,0
OCMSIO05,0
OCUQIM,0
OCUROT,0
ODABIF,0
ODELAK,0
ODEMOD,1
ODEROE,1
ODOTAC,0
OFAFAF,0
OFAMUG,0
OFEFEL,0
OFEKIX,0
OFOBAP,0
OFOXIR,0
OGEFEN,1
OGERIC,0
OGESAX,0
OGIMIA,0
OGIRII,0
OGOHAW,0
OGUJEJ,0
OHEBAG,0
OHEVIJ,0
OHIWUX,0
OHOMOP,0
OHOSAG05,0
OHOVOA,0
OJAHIS,0
OJALEU,1
OJEPEY,0
OJIHEU,0
OJIKID,0
OJOPIN,0
OJUJOT,0
OJUTOF,0
OKAKAO,0
OKAPID,0
OKEQEE,0
OKISEG,0
OKITOU,0
OKOZAQ,0
OKUCII,0
OKUPUG,0
OKUSAP,0
OKUSOG,0
OLELOK,0
OLELUQ,0
OLIDOC,0
OLIKEB,0
OLUNEP,0
OMAJEV,0
OMAKOD,1
OMEPUU,0
OMOLOS,0
OMUTUO,0
ONADEO,0
ONEBUF,0
ONECIV,0
ONEQEE,0
ONEQIK,0
ONUMEQ,0
ONUWEA,0
OPITAK,0
OPOYEA,0
OPUSAU,0
OQICID,0
OQIRAK,0
OQOPEQ,0
OQUVOO,0
ORABEQ,0
ORAROP,0
OREXOA,0
ORIMIO,0
OROWUQ,0
OSABIV,0
OSEPIN01,0
OSEREL,0
OSEVOZ01,0
OSIGIH,0
OSINOW,0
OSITOB,0
OTEPOV,1
OTEQUC,0
OTOLUC01,0
OVAHIF,0
OVIMOX,0
OWADAU,0
OWAFAW06,0
OWOLEU,0
OWOYUX,0
OXACDH96,0
OXALCH73,0
OXALCH90,0
OXALUX,0
OXESUG,1
OXETIX,0
OXOJUJ,0
OXOPUN,0
OXTCNT11,1
OXUCAO,0
OYEZIC,0
OYUPOP,0
OYUTIN,0
OZIKIU,0
OZOFOB,0
OZONAV,0
OZUGAS,0
OZUNOO,0
PADJEM,0
PAGBIM,0
PAGCEI02,0
PAGVEC,0
PAHVOL,0
PAJCIO,0
PAJDAK,0
PAJDUD01,0
PALHIW,0
PALKAR,0
PALPUO,0
PALZIM,0
PAMCIQ,0
PAMTUT,0
PANQEB,0
PAPJIC,0
PAPKUM04,0
PAPRAZ,0
PAPSUV,0
PAQNII,0
PAQRII,0
PARGIB,0
PARMOM,0
PASNUT,0
PASTUC,0
PATWOA,0
PAVBEV,0
PAVHAZ,0
PAVLUV,0
PAVTEP,0
PAVVEP,0
PAWNOT,0
PAXCUP,0
PAXDUP,0
PAXKEE,0
PAYNIQ,0
PAYNUZ,0
PAZGUS,0
PAZWIA,0
PEBBAD,0
PEBNET,0
PEBTEZ,0
PECBAE,0
PEDDAE,0
PEDNAR,0
PEGBUY,0
PEGJEU,0
PEHBAI,0
PELHAT,0
PELHOF,0
PENTAN11,0
PENXUD,0
PEPVEO,0
PEQNUW,1
PERNIK,0
PESFUS,0
PESMAD,1
PETLOQ,0
PETZEX,0
PEVCOL01,0
PEXFIJ,0
PEXFUT,0
PEZFIK,0
PFPFPH,0
PHPYRO01,0
PHSPAB,0
PHTLBC07,0
PIDBOX,0
PIDJUJ,0
PIFNAX,0
PIGJAQ,0
PIGRAZ,0
PIGVUZ,0
PIGWOS,0
PIHHUJ,0
PIHKIC,0
PIHMAY,0
PIKHOG,1
PIKQOS,0
PILNOR,0
PILQIL,0
PILZIV,1
PINLUV,0
PINMAE,0
PINMIM,0
PINSEN,0
PINTUE,0
PIPDCL29,0
PIPINE12,0
PIPROX,0
PITQUI,0
PITWAT,1
PIVBIF,0
PIWDAE,0
PIWFAE,0
PIWSAQ,0
PIXFUB,0
PIXQIZ,0
PIXWUP,0
PIXXON,0
PIYNEU,0
PIZDOR,0
PIZFIR,0
PMELIM01,0
PMTZBM,0
POBLID,0
PODCOB,0
PODPUU,0
PODQOP,0
PODSOR,0
POFDIX,0
POJFUQ,0
POJGUQ,0
POKKAD13,0
POLHAC,0
POMDUU,0
POMQOB,0
POMVET,0
POMYOH01,0
PONTAR,0
POPGUY,1
POQYUT,0
PORMUI,0
PORQAS,0
POSVAV,0
POTPOE,0
POTVEA,0
POTYIG,0
POVYUV,0
POWBEI,0
POWLAP,0
POWLIZ,0
POWSUS,0
POXWAA,0
POXXUY,0
POZLAS,0
PRANRO01,0
PUBCIB,0
PUCLUV,0
PUCRIP,0
PUDSIQ,0
PUFNAH,0
PUGDUR,0
PUGKIM,0
PUGNEL,0
PUGSUJ,0
PUGTAN,0
PUJTEU,0
PUJXEB,0
PUKDUY,0
PUKFAE,0
PUKHAF,0
PUNJIT,0
PUPYII,0
PUSLOG,0
PUTGOB01,0
PUTMAV,0
PUVNEZ,0
PUVVIN01,0
PUWHEY,0
PUWRII,0
PUYHOG,0
PUYPAA,0
PUYQOQ,0
PUZTUZ,0
PUZWEP,0
PXTPDZ,0
PYMDAN17,0
PYRAZI06,0
PYRCEN01,0
PYRFLR,0
QABTIY,0
QACDIJ,0
QAFZEG,0
QAHLIY,0
QAHQIC,0
QAKRAX,0
QAKWOQ02,0
QALBEK,0
QANLEX,0
QANMAU,0
QANVIO,0
QAPPUW,0
QAPTEJ,0
QAPTUZ,0
QARCAQ,1
QARGEY,0
QARGIB,0
QARYIS,0
QARYOA,0
QATPEG,0
QAWFEC,0
QAXMEH60,0
QAXMEH98,0
QAYQAM,0
QAZMOT,0
QAZSES,0
QEBBEG,0
QEBBOQ,0
QECGUC,0
QECHAL,0
QECZEF,0
QEDKOC,0
QEFBAH,0
QEFNAT,0
QEGBUZ,0
QEGRON,0
QEGTUV,0
QEHLIC,0
QEHTIG,0
QEJCAM,0
QEKPII,0
QELBIT,0
QELWEK,0
QEMKAV,0
QENNUW,0
QEPQAE,0
QEPWIT,0
QEQPIP,0
QEQVAN,0
QESCUM,0
QETCEX,1
QETGAA,0
QETRUG,0
QETWUH,0
QETZOI,1
QEVJOU,0
QEVMEM,0
QEVQIU,0
QEVTET,0
QEXVEX,0
QIBYOS,0
QIFPIG,0
QIGHAP,0
QIHLOL,0
QIHVOV01,0
QIJLUQ,0
QIJYUH,0
QIKCES,0
QILWEQ,0
QIMGAU02,0
QINPEK02,0
QIPZAT,0
QIRCED,0
QIXYUR,0
QIYBEI,0
QIYMOC,0
QIYNOD,0
QIZYEE,0
QOBHIA,0
QOBHIA02,0
QOCGIC,0
QODYIU,0
QOFGEA,0
QOFKOM,0
QOGPAH,0
QOGZOC,0
QOJVER,0
QOJXAQ,0
QOKQAL,0
QOLTUH,0
QOLVEW,0
QOMLUC,0
QONJEJ,0
QOQNIV,0
QOVCOV,0
QOWCIO,0
QOWREC,0
QOXXAE,1
QOZKUM,0
QQQCIG89,0
QQQCVG02,0
QQQDVM03,0
QUBNAF,0
QUBPAF,0
QUBWIV,0
QUCNAH,0
QUCQUE,0
QUCVOB,0
QUFMAH,0
QUFPEO,0
QUGTOF,0
QUINCB10,0
QUKPOD,0
QUKQIY,0
QULDOS,0
QULGUD,0
QULHOU,0
QUMJOB,0
QUMKUI,0
QURRUQ,0
QUTDER,0
QUVCUH,0
QUXHUO,0
QUYNOR,0
RACZED,0
RADCOR,0
RADGAH,0
RADGUY,0
RADYED,0
RAFYIG,0
RAGFUB,0
RAGROG,0
RAHZUX,0
RAJCUD,0
RAJWUV,1
RAKPAW,0
RANDAP,0
RAPWOV,0
RARMOQ,0
RARQAG,0
RATBEW19,0
RATJEC,0
RATKAZ,0
RATTEL01,0
RATWIS,0
RAVNEJ,0
RAVQAK,0
RAWPEO,0
RAWTIS,0
RAXNEM,0
RAYXAQ,0
RAZTIZ,0
RECNUK,0
RECTIE,0
RECZOR,0
REDJAM,0
REGWOT,0
REHCIR,0
REHHIZ,0
REHKOI,0
REJMEZ,0
REJNEC,0
REJPAX,0
REKXIP,0
RELSAE,0
REMBUI,0
REMKIG,0
REMSEH,0
RENJIF,0
REQJII,0
REQJUW,0
RERFAX,0
RERGON,0
RERZAT,0
RESSAL,0
RETLEL,0
REWBEA,0
REWRIX,0
REXBEF,0
REXWIB,0
REXYEY01,0
REYRUM,0
RHODIN01,0
RIBSEC,0
RIDVIL,0
RIFNUR,0
RIFQIJ,0
RIHBUI,0
RIHGOI,0
RIHQUY,0
RIKHOM,0
RIKYOD,0
RINJAD,0
RINQEO,0
RIRDIF,0
RITHUB,1
RIVNES,0
RIVTUO,0
RIVVOK,0
RIWSAR,0
RIWZOO,0
RIXFEN,0
RIXLER,0
RIXVED,0
RIXXAZ,0
RIYSIE,0
RIYSUN,1
RIZVOO,0
RODPIJ,0
ROFBOF,0
ROFJEF,0
ROFMOQ,0
ROFPEI,0
ROFXUJ,0
ROGPUZ,0
ROGWIV,0
ROGZUI,0
ROHDUQ,0
ROHGIH,0
ROKWOD01,0
ROLKAH,0
ROLRIV,0
ROMYEY,0
RONHIL,0
RONRUK,0
ROQGUD,0
ROQKAM,0
ROSMEV,0
ROTKOE,0
ROTQOK,0
ROVKOG,0
ROVMAU01,0
ROWWOT,0
ROWXEK,0
ROWYEK,0
ROXQIG,0
ROXVIL,0
ROXXUB,0
ROYHIZ,0
ROYVIM,0
ROZVUA,0
RUCTIT,0
RUFBUQ,0
RUGLUD,0
RUKGUC,0
RUMGAK,0
RUMXAB,0
RUNTEC,0
RUPCAH,0
RUPGUE,0
RUPXIJ,0
RUQDUG,0
RUQTIJ,0
RURFOD,0
RURSAB,0
RURYAI,0
RUSCOA,0
RUTBEQ,0
RUVBAP,0
RUVGUN,0
RUWHAT09,0
RUWLIH,0
RUXWIU,0
SABDIL,0
SABQET,0
SADDAH,0
SADHEP,0
SADVUR,0
SAFVOO,0
SAGZIL,0
SAHGUI,0
SAJQEB,0
SAKHOE,0
SALNUQ,1
SALWEH,0
SALXUD,0
SAMDUH,1
SAMGUK,0
SAMVOV,0
SANGUN02,0
SANXAH,0
SANXUC,0
SAPDAR,0
SAPDIX,0
SAQLUT,0
SAQNUT,0
SAQYOA,0
SASNIN,0
SATDOH,0
SATJEF,0
SAVBUQ,0
SAVYUL,0
SAWNAH,0
SAWNIR,0
SAYZIC,0
SAZBIF01,0
SAZVOI,0
SEBYUW,0
SECKAQ,0
SECTIF,0
SEDROJ,0
SEDTUQ27,0
SEFHEU,0
SEFZEL,0
SEJWOT,1
SEJZEP,0
SEKCIV,0
SELBAC,0
SELDIZ,0
SELLUU,0
SELNIG,1
SELTEK,0
SELYUF,0
SEMBAN,0
SEMVAH01,0
SENKON01,0
SERQUB,0
SERROY,0
SERYUK,0
SETBUR,0
SETQOB04,0
SEVDEE,0
SEVHUW,0
SEWDEF,0
SEWMIU,0
SEYDAE,0
SEYJUB01,0
SEYKUE,0
SEZXIF,0
SIBYEL,0
SIBYUA02,0
SICCEN,0
SICDOB,0
SIDJOH,0
SIDQIH,0
SIGGOF,0
SIGHOI,0
SIGJOK,0
SIJZOE,0
SIKDAS,0
SIKDEY,0
SIKNIJ,0
SIKREJ10,0
SILDIE,0
SILDUN,0
SILPEM,0
SILXOD,0
SINJUY,0
SIPFUS,0
SIQVUN,0
SIQZEA,0
SIRLOY,0
SIVNAP,0
SIVPIW,0
SIVZIH,0
SIXPUK,0
SIXXAC,0
SIXYAA,0
SIYDIR,0
SIYWUV,0
SIYYAB,0
SIYYAD,0
SIZCIN,0
SIZTAX01,0
SLFNMB14,0
SOBTUC,0
SOCBOD,0
SOCFEW,0
SOCMEF,0
SOCSIO,0
SOCXAM,0
SODDOF03,0
SOFBEX,0
SOFHEB,0
SOFJAA,0
SOHPEO,0
SOHZOG,0
SOHZUN,0
SOKCUQ,0
SOLDUT,0
SOLPOY,0
SOLPUF,0
SOMZAX,0
SOPLAK,0
SOPSUL,0
SOQDEK,0
SOQMUI,0
SOQZUW,0
SOSRAV,0
SOTFOA,0
SOTFUD,0
SOTVOP,0
SOVSED,0
SOVYIP,0
SOWXIO,0
SOWYAG,0
SOXBAI02,0
SOYXUA,0
SOZHEX,0
SUBLEI,0
SUBRAC09,0
SUCVUJ,0
SUGFUX,0
SUGJOV,0
SUGTUN,0
SUHPOC,0
SUJVIG,0
SUJVOJ,0
SUJZEG,0
SUKTUO,0
SUKVOL,0
SULVEC,0
SUMZEJ,1
SUNQEZ,0
SUNWOO,0
SUNWUU,0
SUPREC,0
SUQHIX,0
SURMAV,0
SURNIF,0
SUSBOA,0
SUXHOI,0
SUYPIM,0
SUZXIV,1
TABJEQ,0
TACBEN,0
TADMER,0
TADPEV,0
TADQEX,0
TAFCAI,0
TAFLAQ,0
TAFYUX,0
TAGBIM,0
TAGGIT,0
TAGREA,0
TAGUDN01,0
TAHKIZ,0
TAKKAV,0
TAKLAT,0
TALHET,0
TALMAY,0
TAMKAV,0
TANZIR,1
TAPNOO,0
TAQKUU,0
TARGIG,0
TATJUU,0
TAVBIF,0
TAWHUV,0
TAWSOD,0
TAXGEE,0
TAXYOI,0
TAYPAM,1
TBCBCH,0
TBZDOD10,0
TCOXHN,0
TCYHSI,0
TCYNBZ08,0
TCYPIC,0
TEBBOR,0
TEBMAP,0
TEBMUL,0
TEBYEE,0
TECHUH,0
TEFFUG,0
TEFYOW,0
TEGFAO,1
TEGXUY01,0
TEHCAL,0
TEHVIP,0
TEJNEC,0
TELQOQ,0
TEPBUT08,0
TEPDEA,0
TEPQOX,0
TEQDEB,0
TERFUR,0
TERWIZ,0
TETDAM06,0
TETHUZ,0
TETRAZ02,0
TETSUA,0
TETVOH,0
TETWOF,0
TEVXOK01,0
TEWXOI,0
TEYLOZ,0
THALID14,0
THTRZP,0
TIBJUK,0
TICCOY,0
TICHOE,0
TICMOH03,0
TICMUR,0
TICTOO,0
TIFHAS,0
TIFZOA,0
TIGKED,0
TIGLUR,0
TIGZEO,0
TIHHOI,0
TIJGUO,0
TIKPUZ,0
TIKYOF,0
TIMMAH,0
TIMZAQ03,0
TINPOY,0
TIPTET,0
TIQREU,0
TIQZUQ,0
TISLIU,0
TISPUH,0
TITPOB,0
TIWGAH,0
TIXTUQ02,0
TIYBAH,0
TIZDOV,0
TIZVEG,0
TNSOME,0
TODDEZ,0
TOHDUS,0
TOJNIP,0
TOKQEP01,0
TOMLUE,0
TONTAR,0
TONWOK,0
TONZOP,0
TOPHIR,0
TOQDEM,0
TOQGOZ,0
TOQMIZ,0
TOQRID,0
TORKUH,0
TOTLEX,0
TOTRIH,0
TOVNEX,0
TOYFES,0
TOZTIN06,0
TSEMHC,0
TSTILB13,0
TTFCAN07,0
TUBROB,0
TUBXUM,0
TUDDEF,0
TUDKIN,0
TUDXAS,0
TUFNUF,0
TUFXID,0
TUFYEY,0
TUHQIZ,0
TUKVUU,0
TULSEZ,0
TULYIJ,0
TULYUW,0
TUMHIV,0
TUNFOZ,1
TUNPEY,0
TUPBAJ,0
TUPFUH,0
TUPKIZ,0
TUPTUT01,0
TUPXIO,0
TUQLOK,0
TURCIL04,0
TURHOH,0
TURREE,0
TURXOU,0
TUSKEB,0
TUSVAH,1
TUTJEA,0
TUVSUC,0
TUXXAL02,1
TUZBUO,0
TUZHIJ,0
TUZXAR,0
UBAXON,0
UBOPUY,0
UBOQOT,0
UBORAG,0
UBUWOG,0
UCAZOO,0
UCEFAL,0
UCILEB,0
UCISII,0
UCIWAF,0
UCOGEB,0
UCOSIS,0
UCUFOO,0
UDASOJ,0
UDOGIF01,0
UDUBAY,0
UDUNEN,0
UFAHAL,0
UFEQEC,0
UFIJEB,0
UFIQUY,0
UFUCUT,0
UGAMIC,0
UGAYUA,0
UGAZAF01,0
UGIMOO,0
UGIRAG,0
UGIWUE,0
UGOQIT,0
UGUNIV,0
UGUNOD,0
UGUQIA,0
UGUQOG,0
UGUWAY,0
UHAKIB,0
UHAKIX,0
UHATUT,0
UHEDUK,0
UHUVAW,0
UHUVOJ,1
UHUWIE,0
UJAGIX02,0
UJAMAT,1
UJEBIU,0
UJEJEC,0
UJERUA,1
UJIVER,0
UJONAJ,0
UJOWID,0
UJUHOZ,0
UKEPEI,0
UKIFOJ,0
UKOKOY,0
UKOWEW,1
UKUHUF,0
UKUNOF,0
UKUSAV,0
UKUWAA,0
ULADOC,0
ULAVOU,0
ULAWEJ,0
ULAZOY,0
ULEDOG,0
ULEJEC,0
ULEMOP,0
ULEZIV,0
ULIKAD,0
ULINEJ,0
ULIXIZ,0
ULIYOE,0
ULOMOA,0
ULOSEW,0
UMAMEA,0
UMEFAV,0
UMEQUB,0
UMIPUD,0
UMUCEN,0
UMUGES,0
UMUKIY,0
UMUMUM,0
UMUPAT,0
UNOFOS,0
UNOMIV01,0
UNOVIF,0
UNUPEA,0
UNUYOT02,0
UPADEV,0
UPAPAD,0
UPAQOU,0
UPECUP,0
UQAJII,0
UQAQIO,0
UQEJIK,0
UQILOX,0
UQIZIF,0
UQOYOR,0
UQUFOD,0
UQUQEF,0
URAMCL02,0
URAQEK06,0
UREAXX49,0
UREGOQ04,0
UREZUN,0
URICOP01,0
URIMAK,0
UROFUF,0
UROYUY,0
URUXIR,0
USAFEB,0
USAJUU,0
USAKEH,0
USAQIQ,0
USASAJ,0
USEWOG,0
USOQOK,0
USOTOO,0
USUHAS,0
USUNOM,0
UTEVEX,0
UTIGIP,0
UTIHEM,0
UTOGUI,1
UTULAZ,0
UVAWIY,1
UVAXIA,0
UVETIA,0
UVIPEV,0
UVISUO,0
UVOSIJ,0
UVUQUY,1
UWAJAE,0
UWEMIT,0
UWEWAX01,0
UWOSAD,0
UWUCUM,0
UWUVUF,0
UXIPOI,0
UXOPAA,0
UXOPOO,0
UYEZOO,0
UYIGER,0
UYOTEI,0
UZAXEA,0
UZIRUS,0
VABDOS,0
VACGUD01,0
VACKIV,0
VACVUQ,0
VADTED,0
VAFPOL,0
VAFQOK,0
VAFTEF,0
VAGMEZ,0
VAHHAQ,0
VAHXOT,1
VAJCER,1
VALHUL,0
VANJED,0
VANLEF,0
VAQTIR,0
VAQZUI,0
VARCAT,0
VARCUO,0
VARLUW,0
VARMEK,0
VARPIR,0
VARYAS,0
VASYEU,0
VAVSAN,0
VAWDII,0
VAXWAU05,0
VAYRIZ,0
VAYXOI02,0
VAZBUU,0
VAZJOY,0
VECPOJ,0
VECRAZ,0
VEDBAI,0
VEDFAM,0
VEDKOG,0
VEDSAZ,0
VEDZOX,0
VEFLOJ,0
VEGBIV,0
VEGHEU,0
VEHTAE,0
VEJWUC,0
VEJYAL,0
VEKLIK,1
VEKTOW,0
VELBEV,0
VELCOF,0
VELKON,1
VELPUZ,1
VEMGUT,0
VEMRIS,0
VEMROY,0
VENQOY01,0
VEPFOL03,0
VEPXIY,0
VEQGIJ,0
VERNEP,0
VESCII,0
VETLUB01,0
VETMAJ,0
VETPEQ,0
VEWFEK,0
VEWHOX,0
VEXDIM,0
VEXJAL,0
VEXLOA01,0
VEXPIY,0
VEXVIH,0
VEXYIJ,0
VEXZAD,0
VEYBAE,0
VEYZEF,0
VEZCEI,0
VEZKOE,0
VEZROI,0
VEZTOM01,0
VIBYAK,0
VIFBAR,0
VIGCIY,0
VIGLEF,0
VIGYAO,0
VIHJAZ,0
VIHJED,0
VIHMUY,0
VIJWOB,0
VILFEB,0
VILQUG,0
VILZEW,0
VIMBEZ,0
VIMCAV,0
VIMJIN,0
VIMPUG,0
VIPTEX,0
VIPWIC,0
VIRGAG,0
VIRVOH02,0
VISBEH,0
VITAAC11,0
VITHIS,0
VITHOZ,0
VIVFOY,0
VIVSAV01,0
VIWLAS,0
VIWPUM,0
VIXHEF,0
VIYFIS,0
VIYSIG,0
VIZWAG,0
VOCBIZ,0
VOCJUU,0
VOCKEG,0
VOCREK,0
VODQIO,0
VODVOA,0
VOGJUW,0
VOGMOT,0
VOHMAH,0
VOHMOU,0
VOJJUD,0
VOLHIO,0
VOMNET,0
VOMYEE,0
VONNIW,0
VONYIH,0
VOPLUK,0
VOPRAX,0
VOQLOC,0
VORGEP,0
VORJOD,0
VOTNUR01,0
VOTYEM,0
VOVCOB,0
VOWMEZ,0
VOWVAH,0
VOYHUO,0
VOYYUG,0
VOZHAW,0
VOZMAY,0
VUBTUH,0
VUCBEB,0
VUCTOG,0
VUCZIG,0
VUDQIW,0
VUGGOW,0
VUGPIY,0
VUHFIO,0
VUHSOG,0
VUJTAW,0
VUKBUY05,0
VUKFAI,0
VUKHIS,0
VUKHOY,0
VUKQAV08,0
VULBAF,0
VULHAM,1
VULQAW,0
VULTOM,0
VUMYUY,0
VUNKIC,0
VUNMEX,0
VUNYUB,0
VUQLIE,0
VUQYAI,1
VUSKOJ,0
VUSSOV,0
VUSVUB,0
VUTJID,0
VUTVUB,0
VUVBUN,0
VUWGON,0
VUXLIJ,0
VUYDEY,0
VUYSUF01,0
VUZLEI,0
VUZYIB,0
WABNOG,0
WACFAJ,0
WACPOI,0
WADCOU,0
WADFEQ,0
WADLUL,0
WADPEX,0
WAFXAD,0
WAGBEP,0
WAJDES,0
WALBEQ,0
WALZIT,0
WAMCOF,0
WAMDUL,0
WANBIX01,0
WAPFAV,1
WARCEA,0
WARWES,0
WASKEG,0
WATHUY,0
WATKIL,0
WAVFIM,0
WAVSOD,0
WAWGIM,0
WAWVEY01,0
WAXGAF,0
WAZSUP,1
WEBROO,0
WECJUJ,1
WECKEU,0
WEDKAU,0
WEDYAF,0
WEDYOX,0
WEGZAL,0
WEKGUO,0
WEKWUH,0
WEKXES,0
WELBAU01,0
WELBEW,0
WELMAB,0
WELMOT,0
WEMZOH,0
WEPLOW,0
WEQDAA,0
WEQGAB,0
WEQTAR,0
WESJAI,0
WETMEQ,0
WETTOF,0
WETZAX,0
WEVNIV,0
WEVWIE,0
WEWCEG10,0
WEYGUG,0
WEYNUN,0
WEZDAH01,0
WICBIT,0
WICBIW,0
WICKUQ,0
WICZEQ,0
WIDCER02,0
WIDRIM,0
WIFHAY,0
WIFSUA,0
WIGWAN,0
WIGYES,0
WIJQIS,0
WIKGUS,0
WIKTEQ,0
WIKYEU,0
WIMBAV13,0
WIMQIS,0
WINRIX01,0
WINRIX04,0
WINWUL03,0
WIPCUT,0
WIPHIM,0
WIPXIG,0
WIRDEG,0
WISWOM,0
WITDUA01,0
WITGEL,0
WIVBIQ,0
WIVDEN,0
WIVJUK,0
WIVXAA,0
WIVYEJ,0
WIXFOC,0
WIXZAF,1
WIZVOU,0
WODFOM,0
WODXAS01,1
WOFRER,0
WOFZEY,0
WOGNUF,0
WOHZOJ,0
WOJCIJ,0
WOKJOV,0
WOLPEW,0
WOLWAY,0
WONJUF,0
WONYON,0
WOPTIE,0
WOQBOX,0
WOQDEL,1
WOQLUM,0
WOQSEE,0
WOQWUY,0
WORREE,0
WOSJUM,0
WOTJOE02,0
WOTRIJ,0
WOTTEI,0
WOTYEM,0
WOVXIO,0
WOVZOW02,0
WOWNAX01,0
WOXBEQ,0
WOXHOK,0
WOXWUF,0
WOZJUS,0
WOZKAA,0
WUBGIM,0
WUDQOD,0
WUDXID,0
WUFZOO,0
WUHXUW,0
WUJQUN,0
WUMDIU,0
WUMRAY,0
WUNKOJ,0
WUNLOI,0
WUNMEY,0
WUNYEK,0
WUPJUO,0
WUPTUZ,0
WUQMAX,1
WUQMOM,0
WURDIW,0
WUSFID,0
WUTKAY,0
WUTTUD,0
WUVTAK,0
WUVYIV01,0
WUWGOM,0
WUWMEG,0
WUWREM,0
WUXGOL,0
WUYBOL,0
WUYLUZ,0
WUYWAS,0
WUYXIX,0
WUZBOM,0
WUZJIN,0
XACXUU,0
XACYIL,0
XADGOB,0
XADNUO,0
XADZUC,0
XAFVAD,0
XAGDIX,0
XAGJAU,0
XAGQIK,0
XAGYAJ,0
XAHBES,0
XAJZUE,0
XAKREK,0
XALNAD,0
XALPEI01,0
XAMQAH,0
XANSIR,0
XANZOF,0
XAPCUO,0
XAPSAM,0
XAQNAF,0
XAQQAL,0
XAQXOE,0
XARDUS,0
XARLAH,0
XARMOS,0
XASJEG,0
XASQAN,0
XASWOE,0
XATQOZ,0
XATSIY,0
XATTIV,0
XATZIB01,0
XAVQUH,0
XAXLER,0
XAYQIZ,0
XAYSAT,0
XAYSAV,0
XAZHIR,0
XAZTOJ,0
XAZWUS,0
XEBCOZ,0
XEBXIO,0
XECQAA,0
XECROP,0
XECVOU,0
XECWIM,0
XEDJIB,0
XEGFAU,1
XEGJAU,0
XEGLOM,0
XEGQEJ,0
XEGSEL,0
XEGWUB,0
XEJNEI,0
XEJVAJ,0
XEKVEQ,0
XELRAH,0
XELRUD,0
XELZAR,0
XEMHOQ,0
XEMMOT,0
XENBUO,0
XENGAZ,0
XENSOA,0
XEPCON,0
XEPHIL,0
XEPTUH,0
XEQWAU,0
XEQYEZ,0
XERKOV,0
XESFIO,0
XETDOR,0
XETFAG,0
XEVFAF,0
XEVKIV,0
XEXNIB,0
XEZJET,0
XEZJOF,0
XIBFIY01,0
XICMII,0
XICNUS01,0
XICREI,0
XICZOB,0
XIFKON01,0
XIFRIN01,0
XIFVOB,0
XIHNAD,0
XIKGIJ,0
XIKGUW,0
XIKMAJ,0
XIKVAO,0
XILQIV,0
XIMXOK,0
XIPFOS,0
XIPGEJ,0
XIPNOC,0
XIPRAR,0
XIQFIM,0
XIQLOC,0
XIRHEO,0
XIRMOC,0
XISBUY,0
XISLIX,0
XITLAP,0
XIVNUL,0
XIWFUH,0
XIYTAD,0
XIZPUT,0
XOBRIT,0
XODNEL,0
XOFGIM,0
XOGCEB,0
XOGRIW01,0
XOHDUU,0
XOHFUY,0
XOJKEO,0
XOJTUN,0
XOKKAL,0
XOLCEK,0
XOLNIY,0
XONDUD,0
XONFOZ,0
XONHAN,0
XONQUN,0
XOQHET,0
XOSKUO,0
XOTYEO,0
XOTZEN,0
XOVGEW,1
XOVKUO,0
XOVXIT,0
XOWFUO,0
XOWQIL,0
XOXGIA,0
XOXLED,0
XOYQIN02,0
XOYVOY,0
XOYYIT,0
XUCJUE,0
XUCVEY,0
XUGDIO,0
XUGPOE,1
XUGZOR,0
XUHXEH,0
XUHXOR,0
XUJBEL,0
XUJRUT,0
XUJZEL,0
XUKHOD,1
XULDER,0
XUNFES,0
XUNMAY,0
XUPKIC,0
XUPLUQ,1
XUPWIP,0
XUQRIO,1
XUQVIP,0
XURWIT,0
XURYIS,0
XUVHEC,0
XUVQUD,0
XUVWUH01,0
XUWHAB,0
XUWLUY,0
XUWMEJ,0
XUWNAE,0
XUWROZ,0
XUWSIU,0
XUWYEV,0
XUYLIP01,0
XUZGIK,0
XUZLEN,0
YACMOI,0
YAGWIM,0
YAGXEN,0
YAHQUT,0
YAHTIN,0
YAHXOY,0
YAJGAT,0
YAJGIC,0
YAJQOS,0
YAKWAJ01,0
YALZAP,0
YAMJAZ,0
YAMRIR,0
YANFUR01,0
YANQUB,0
YANSAJ01,0
YAQYIC,0
YARRIV,0
YAVNER,1
YAVWOH,0
YAWJIQ,0
YAWNAP,0
YAXGEL,0
YAXHIO,0
YAXWUR,0
YAYFOX,0
YAYNIW,0
YAZPUO,0
YAZWEE,0
YEBGER,0
YEBHAO,0
YECBEO,0
YECWEI,0
YEFBER,0
YEHMEH,0
YEHSEJ,0
YEPNAM,0
YEPVUL,0
YEQLIP,0
YERLEM,0
YERNIS,0
YESGUB,0
YESZAX,0
YETVUS,0
YEVCEL,0
YEWBOS,0
YEWLUI,0
YEXGUF,0
YEXMEV,0
YEYFOY,0
YEZDEQ,0
YEZFIV,0
YEZQUR,0
YIBFUM,0
YICNUX,0
YIDJEC,0
YIHCUN,0
YIHMEK,0
YIHZAU,0
YIJDON,0
YIJGAD,0
YIJROZ,0
YIKLAF,0
YIKROC,0
YILGOR,0
YILMOZ,0
YIMGEJ,0
YIMLOW,0
YIPRUO,0
YIPYIH,0
YIQBUX,0
YIQFAI,0
YIQLUI,0
YIRCIN,0
YISHUD01,0
YISKOD,0
YISPAU,0
YITLOF,0
YITRIF,0
YIVJAO,0
YIWGUI,0
YIWXIM,0
YIXFIU,0
YIXVAD,1
YIYFOE,0
YIYTOR,0
YIYZIP,0
YIZCAL,0
YIZPIJ01,0
YOBNEL,0
YOBWUK,0
YOCTAM,0
YOCTUH,0
YODGON,0
YODJEK,0
YOFNEN,0
YOGNUG03,0
YOGPOC02,0
YOHHUA,0
YOHMUH,0
YOHNOZ,0
YOJBUV,0
YOKHIT,0
YOMCUZ,0
YOMWEG,0
YONRIG,0
YOPBAK,0
YORNAV,0
YOTKAU,0
YOTMAY,0
YOWBEU,0
YOWKUT,0
YOWLAY,0
YOWQEI,0
YOWVEL,0
YOXNUV,0
YOYJOL,0
YUBPOB,0
YUCHIO,0
YUDCIM,0
YUDSEZ,0
YUFDAE,0
YUGBOS,0
YUGHUE,0
YUJDUG,0
YULWAD,0
YUNYEM,0
YUNZIU01,0
YUPPEG,0
YUQBEU,0
YUQWOA,0
YUQYEP,0
YURKON,0
YURNUW,0
YUSXEQ,0
YUTPEM,0
YUVDUS,0
YUWGOQ01,0
YUXFIH,0
YUXNUA,0
YUYNAH,0
YUYPUD03,0
YUYYIA,0
YUZBEE,0
YUZDON,0
YUZJEI,0
YUZJOV,0
YUZPIT,0
ZAGPEG,1
ZAHXEP,0
ZAKSIR,0
ZAKXIW,0
ZALTIT,0
ZAMJIJ,0
ZAMLOS,0
ZAMVUE,0
ZAMWEP,0
ZAQPOZ,0
ZAQQIT,0
ZAQTEQ,1
ZASDIJ,0
ZATFAE,0
ZATVAR,0
ZAWCEF,0
ZAWNIY,0
ZAYPEY,0
ZAZHIV,0
ZAZHUG,0
ZEBCIV,0
ZEBSAD,0
ZEBVIL,0
ZECDOC,0
ZEFFEX03,0
ZEFPUY,0
ZEHFUQ,0
ZEHKEC,0
ZEJDUQ,0
ZEKBIA,1
ZENFUX,0
ZENPUG,0
ZEPQEU,0
ZERLIT,0
ZETCIO,0
ZETMOD,1
ZETPIX,0
ZEWMAR,0
ZEWYAD,0
ZEXTEB,0
ZEXTON,0
ZEXYEG,0
ZEZJUJ,0
ZEZPIH,0
ZEZWIO,0
ZIBBIX,0
ZIBGOK,0
ZIBWEM,0
ZICFOG,0
ZIDGOK,0
ZIDRIQ01,0
ZIDSEM,0
ZIFGAW,0
ZIFLIL,0
ZIFRAK,0
ZIFVEP,0
ZIGROA,0
ZIJHEJ,0
ZIJHIL,0
ZILTIX,0
ZIMBUV,0
ZIMFOT,0
ZINNUF,0
ZINTOF01,0
ZIRTAY,0
ZIRZIN07,0
ZITBIQ,0
ZIWFIY,0
ZIWQUR01,0
ZIXMEC,0
ZIXZAL,0
ZIYBUH,0
ZIYDES,0
ZIYVIP,0
ZIZJUN,0
ZOBQUF,0
ZOBSOB,0
ZOCPIQ,0
ZODBUR,0
ZODDOL,0
ZOGSET,0
ZOGWAX,0
ZOKNIA,0
ZOKVIE,0
ZOLFAH,0
ZOLRUP,0
ZOLSUO,0
ZOMTEC01,0
ZONKAR,0
ZONREZ,0
ZORBAN,0
ZORSAD,0
ZORVIO,0
ZORXOT,0
ZOSQUV,0
ZOSZEO,0
ZOVNIL,0
ZOVYUG,0
ZOWJUQ,0
ZOWLOQ,0
ZOWNOS,0
ZOXMEG,0
ZOXREM,1
ZOXROW,0
ZOYDIE,0
ZUCNUK,0
ZUDYAC,0
ZUFGEO,0
ZUGDIS,0
ZUHHOB,0
ZUHPUQ,0
ZUHQEY,0
ZUJXOV,0
ZUKWIL,0
ZUMNII,0
ZUNBER,0
ZUNLEC,0
ZUPCEW,0
ZUQCIB,0
ZUQMIJ,0
ZUSDOI,0
ZUSPIM,0
ZUSYIV,0
ZUTPIR,0
ZUTXOF,0
ZUVVEU,0
ZUWGEG,0
ZUWJUY,0
ZUYVEY,0
ZUZXEX,0
ZUZYOI,1
ZZZDIA11,0
ZZZLQC02,0
ZZZVZA02,0
